tconst,titleType,originalTitle,primaryTitle,startYear,endYear,runtimeMinutes,genres
tt6723186,tvEpisode,Episode #1.31,Episode #1.31,1991,,,"Drama,Romance"
tt31610473,movie,The Royal Ballet: Manon,The Royal Ballet: Manon,2024,,195,
tt5659174,tvEpisode,Episode #1.10849,Episode #1.10849,2016,,42,"Drama,Romance"
tt38755322,tvEpisode,Tina Teaspoon and the School Mouse,Tina Teaspoon and the School Mouse,1983,,,Family
tt1311393,tvEpisode,Episode #1.2407,Episode #1.2407,2008,,30,"Drama,Romance"
tt1296998,tvEpisode,Episode #1.6906,Episode #1.6906,2008,,22,"Crime,Drama,Romance"
tt15721490,tvSeries,The Bounty Bunch,The Bounty Bunch,2021,2024,,"Comedy,Drama,Talk-Show"
tt27517601,tvEpisode,ASK Prooxy - Strcil sis nekdy cédécko do zadku,ASK Prooxy - Strcil sis nekdy cédécko do zadku,2014,,9,"Comedy,Reality-TV"
tt35503781,tvEpisode,Live on (6-3-14),Live on (6-3-14),2014,,,Sport
tt6691586,tvEpisode,Episode #1.4,Episode #1.4,1998,,,"Comedy,Drama"
tt0535511,tvEpisode,Episode dated 21 July 2003,Episode dated 21 July 2003,2003,,,Family
tt2670410,tvEpisode,Episode #1.5,Episode #1.5,1980,,,Family
tt7631174,tvEpisode,Episode #1.2,Episode #1.2,2018,,,"Comedy,Romance"
tt8150294,tvEpisode,Episode #1.9407,Episode #1.9407,2018,,22,"Crime,Drama,Romance"
tt30632722,tvEpisode,Episode dated 21 December 2023,Episode dated 21 December 2023,2023,,60,"News,Talk-Show"
tt0386792,tvMovie,Something the Lord Made,Something the Lord Made,2004,,110,"Biography,Drama"
tt2641470,tvEpisode,Ikuukan kara no dasshutsu,Ikuukan kara no dasshutsu,2006,,,"Action,Adventure,Comedy"
tt13750818,tvEpisode,Ryûgû shiroda yo! Zendaman,Ryûgû shiroda yo! Zendaman,1979,,,"Action,Adventure,Animation"
tt12740118,tvEpisode,Friends or Foes,Friends or Foes,2020,,,"Action,Adventure,Drama"
tt10604958,tvEpisode,Episode #1.100,Episode #1.100,2018,,,"Drama,Romance"
tt31049499,tvEpisode,Episode dated 25 January 2024,Episode dated 25 January 2024,2024,,,Documentary
tt35673857,tvEpisode,2024/25: 15/2/25,2024/25: 15/2/25,2025,,,"News,Sport"
tt34621440,tvEpisode,Aflevering 15,Aflevering 15,1968,,,Game-Show
tt14670584,tvEpisode,Episode dated 17 May 2021,Episode dated 17 May 2021,2021,,60,News
tt2337671,tvEpisode,Episode #1.1,Episode #1.1,2012,,22,Talk-Show
tt29144515,tvEpisode,Episode #1.105,Episode #1.105,2022,,,Talk-Show
tt11536042,tvEpisode,Episode dated 12 October 2015,Episode dated 12 October 2015,2015,,60,Reality-TV
tt6870458,tvSeries,Crossing the Line,Crossing the Line,2017,,,Comedy
tt28479533,tvEpisode,Episode #1.235,Episode #1.235,1970,,55,"Drama,Romance"
tt30624160,movie,Vasilija Prekrasna,Vasilija Prekrasna,,,,Family
tt1687328,tvEpisode,Ectospasms/Stink of the Road/Doc's Depression,Ectospasms/Stink of the Road/Doc's Depression,1996,,25,"Adventure,Animation,Comedy"
tt7868020,tvEpisode,Episode #1.73,Episode #1.73,2004,,,Romance
tt1610676,tvEpisode,Episode #4.34,Episode #4.34,2010,,,"Comedy,Talk-Show"
tt10019180,tvMiniSeries,Zheleznyy les,Sketch of a Murder: Iron Forest,2019,,,"Comedy,Crime,Drama"
tt8481908,tvEpisode,Episode #1.202,Episode #1.202,1994,,50,"Drama,Romance"
tt2177484,video,Walk of Fame,Walk of Fame,2012,,14,"Drama,Short"
tt31638053,tvEpisode,Episode #1.214,Episode #1.214,2024,,,"Drama,Romance"
tt0075094,movie,Povratak otpisanih,The Written Off Return,1976,,95,"Action,War"
tt35660939,tvEpisode,The Creeper,The Creeper,1959,,,"Fantasy,Horror,Mystery"
tt31947102,tvEpisode,Korean Vegan,Korean Vegan,2024,,,Reality-TV
tt28187773,tvSeries,MSD,MSD,2019,2020,,
tt1778800,tvSpecial,DragonGate USA: Enter the Dragon 2009,Enter the Dragon,2009,,,"Action,Sport"
tt28808293,tvEpisode,Episode #1.1739,Episode #1.1739,1970,,30,News
tt4731920,tvEpisode,Episode #1.7,Episode #1.7,,,,"Adventure,Animation,Comedy"
tt0388954,tvSeries,France Five,France Five,2000,,30,"Action,Comedy"
tt36495830,tvEpisode,Episode #1.290,Episode #1.290,2025,,,"Comedy,Drama"
tt37371407,tvEpisode,The Americans at the Elbe,The Americans at the Elbe,2025,,,"Documentary,War"
tt29044016,tvEpisode,Future Shock,Future Shock,1970,,,Drama
tt5159454,tvEpisode,Episode dated 14 January 1967,Episode dated 14 January 1967,1967,,,"Game-Show,Music"
tt11930714,tvEpisode,Episode #1.1417,Episode #1.1417,,,,Drama
tt17046222,tvEpisode,Episode dated 20 January 2022,Episode dated 20 January 2022,2022,,,"Family,News,Talk-Show"
tt19705464,tvEpisode,Episode #1.8,Episode #1.8,,,,"Biography,Drama"
tt7202720,tvEpisode,Episode #1.44,Episode #1.44,1998,,46,"Drama,Romance"
tt1587386,short,Who We Are,Who We Are,2010,,18,"Drama,Family,Romance"
tt0622234,tvEpisode,Ashes in the Wind,Ashes in the Wind,1951,,60,Drama
tt12961368,tvEpisode,Libertins VS Covid!,Libertins VS Covid!,2020,,,Talk-Show
tt15695208,tvEpisode,Episode #1.243,Episode #1.243,,,30,Drama
tt1676972,video,Nigerian Girls 2,Nigerian Girls 2,2009,,,Drama
tt29274481,movie,Rock'n'Roll is a State of the Soul,Rock'n'Roll is a State of the Soul,2021,,,Documentary
tt2439372,tvEpisode,Episode #4.7,Episode #4.7,2010,,,"Comedy,Talk-Show"
tt31200482,tvEpisode,Early Cherry Blossoms,Early Cherry Blossoms,,,,"Adventure,Animation,Comedy"
tt24803076,tvEpisode,Avsnitt 5,Avsnitt 5,2021,,,Game-Show
tt6415938,tvEpisode,Episode dated 19 May 2014,Episode dated 19 May 2014,2014,,,Talk-Show
tt35422153,movie,The Centipede Strangler,The Centipede Strangler,2025,,66,Thriller
tt21357762,tvEpisode,Kerikeri,Kerikeri,2023,,,"Comedy,Drama"
tt1324514,tvEpisode,Tag 14: Highway to Hell,Tag 14: Highway to Hell,2008,,,"Adventure,Comedy,Game-Show"
tt5654176,short,6 de Enero,6 de Enero,2013,,,"Drama,Short"
tt5740816,tvEpisode,Top 10 Cartoon Video Games,Top 10 Cartoon Video Games,2009,,,"Comedy,Talk-Show"
tt3817236,tvEpisode,Episode dated 3 July 2014,Episode dated 3 July 2014,2014,,60,"News,Talk-Show"
tt6549184,tvEpisode,Episode #1.13,Episode #1.13,1967,,,Family
tt0156347,movie,Belgian Emperor's Visit to India,Belgian Emperor's Visit to India,1921,,,Documentary
tt6292088,short,When They Come,When They Come,2016,,,"Drama,Short"
tt21832008,tvEpisode,The girl who likes to flirt,The girl who likes to flirt,2009,,,Reality-TV
tt23132116,tvEpisode,Episode #1.24,Episode #1.24,2015,,,
tt3090222,tvEpisode,The Incredibles/Saw/Surviving Christmas,The Incredibles/Saw/Surviving Christmas,2005,,,News
tt16247476,tvEpisode,Episode #1.9,Episode #1.9,2019,,,Thriller
tt1530322,tvEpisode,Episode #1.3186,Episode #1.3186,1999,,25,"Drama,Romance"
tt2308597,tvMovie,David Hockney: Augenlust,David Hockney: Augenlust,1996,,,Documentary
tt35636543,tvEpisode,Episode #1.323,Episode #1.323,,,,"Drama,Romance"
tt20158170,tvEpisode,Episode #1.55,Episode #1.55,2018,,,Romance
tt13174880,tvEpisode,Episode dated 30 September 2020,Episode dated 30 September 2020,2020,,,News
tt10085596,tvEpisode,Episode #1.41,Episode #1.41,2015,,,Drama
tt0123034,movie,Dead Man's Curve,The Curve,1998,,91,"Drama,Mystery,Romance"
tt6114580,tvEpisode,Episode #3.5,Episode #3.5,2016,,32,Drama
tt8228776,tvEpisode,Episode #12.28,Episode #12.28,2018,,,"Action,Crime,Drama"
tt14333090,movie,Kallarali Hoovagi,Kallarali Hoovagi,2006,,148,Drama
tt18252874,tvEpisode,"Match Day 1, Fashion Week - Yves Saint Laurent vs. Gianni Versace","Match Day 1, Fashion Week - Yves Saint Laurent vs. Gianni Versace",2022,,24,Game-Show
tt38206272,tvEpisode,Episode #1.1308,Episode #1.1308,1975,,30,News
tt6082378,tvEpisode,Oscar Nomination Surprises for 1989,Oscar Nomination Surprises for 1989,1990,,,Talk-Show
tt1413629,tvEpisode,Episode #2.3,Episode #2.3,2009,,,"Documentary,Reality-TV"
tt27541559,tvEpisode,Episode #1.69,Episode #1.69,,,,Comedy
tt31038533,tvEpisode,Episode #1.37,Episode #1.37,2022,,,Drama
tt10949394,tvEpisode,Pag-iwas,Pag-iwas,2019,,18,Drama
tt33034608,tvEpisode,Neu denken,Neu denken,2024,,,"Drama,Family,Romance"
tt3302454,tvEpisode,Episode #2.40,Episode #2.40,2013,,22,News
tt16341704,tvEpisode,Meth's Top Model,Meth's Top Model,2021,,,"Documentary,Drama"
tt3418528,short,Called Back,Called Back,1914,,,"Drama,Short"
tt33051394,tvEpisode,Episode #1.9629,Episode #1.9629,2012,,30,News
tt12097200,short,Ecdysis,Ecdysis,2021,,18,"Horror,Short"
tt26683066,tvEpisode,Episode #1.105,Episode #1.105,2022,,,Comedy
tt4110064,tvEpisode,The Social Network,The Social Network,2010,,,Comedy
tt8281612,tvEpisode,Episode #4.3,Episode #4.3,2009,,43,"Drama,History,War"
tt7597574,tvEpisode,Terrence Howard/Kumail Nanjiani,Terrence Howard/Kumail Nanjiani,2017,,,Talk-Show
tt32176625,tvEpisode,YouTube's copyright system isn't broken. The world's is.,YouTube's copyright system isn't broken. The world's is.,2020,,42,Documentary
tt2003643,tvEpisode,Ballroom Dancing,Ballroom Dancing,,,,Sport
tt31186651,tvEpisode,Inside YouTube's Mixed Reality VR Lab,Inside YouTube's Mixed Reality VR Lab,2017,,4,Documentary
tt38225203,tvEpisode,Unhappy Reunion,Unhappy Reunion,2025,,26,"Crime,Drama,Family"
tt28081672,tvEpisode,Episode #1.5,Episode #1.5,2023,,,Documentary
tt9294580,tvEpisode,Episode #5.94,Episode #5.94,1988,,,"Reality-TV,Romance"
tt14916626,tvEpisode,The Fall,The Fall,2021,,52,"Biography,Drama"
tt5200706,short,Jack,Jack,2015,,17,"Crime,Short"
tt4709446,tvEpisode,Episode #1.8,Episode #1.8,1969,,90,"Music,Talk-Show"
tt1856010,tvSeries,House of Cards,House of Cards,2013,2018,50,"Drama,Thriller"
tt10518250,tvEpisode,Episode #1.124,Episode #1.124,,,30,Drama
tt6651314,tvEpisode,1985 Rally Porsche 911 Carrera,1985 Rally Porsche 911 Carrera,,,,Documentary
tt0259717,tvMovie,La veuve joyeuse,La veuve joyeuse,1997,,126,"Comedy,Musical,Romance"
tt10942630,tvEpisode,Episode dated 30 September 2011,Episode dated 30 September 2011,2011,,,News
tt29560422,tvEpisode,Prostitute: Ivy (Follow Up),Prostitute: Ivy (Follow Up),2020,,,"Biography,Documentary,Talk-Show"
tt4157220,movie,Iris,Iris,2014,,79,"Biography,Documentary,History"
tt30117750,tvEpisode,Episode dated 22 November 2023,Episode dated 22 November 2023,2023,,45,Talk-Show
tt5276898,tvMovie,Sægreifinn,Sægreifinn,2015,,48,Documentary
tt28593746,tvEpisode,Episode #2.376,Episode #2.376,,,,Drama
tt6097518,tvEpisode,Legend,Legend,1985,,,Drama
tt37593260,tvEpisode,Yakuza 0,Yakuza 0,2025,,,Drama
tt2153869,tvMovie,Lead Paint: Indiana's Poisoned Children,Lead Paint: Indiana's Poisoned Children,2010,,,Documentary
tt37811160,tvEpisode,Episode #1.3,Episode #1.3,2023,,40,"Drama,Romance"
tt2830462,tvEpisode,Breakfast in Seville II,Breakfast in Seville II,2012,,,
tt2579662,tvEpisode,First Power and Steel and Lace,First Power and Steel and Lace,1991,,,"Action,Adventure,Comedy"
tt6547212,tvSeries,Fame N Fishin',Fame N Fishin',2016,2016,,Talk-Show
tt1577012,tvEpisode,Possessive Woman,Possessive Woman,1962,,,"Comedy,Drama"
tt31106202,video,Bu Sheherde - Ekkiz Mart,Bu Sheherde - Ekkiz Mart,2023,,144,Comedy
tt14647668,tvEpisode,Episode #1.14,Episode #1.14,,,,Drama
tt6689402,short,Mismatched,Mismatched,2015,,18,"Adventure,Comedy,Fantasy"
tt3380870,short,Saving David,Saving David,2013,,,"Comedy,Short"
tt3878010,tvMovie,Ian Thorpe: The Parkinson Interview,Ian Thorpe: The Parkinson Interview,2014,,,Documentary
tt1155383,tvSeries,Heroes of World War II,Heroes of World War II,2004,,30,"Documentary,War"
tt5260578,tvEpisode,Don Payaso,Don Payaso,2006,,,"Action,Adventure,Animation"
tt11135360,tvEpisode,Episode #1.87,Episode #1.87,1955,,,Drama
tt15615940,tvEpisode,Episode #10.4,Episode #10.4,2021,,30,Talk-Show
tt1909606,tvEpisode,Grandpa's Portrait,Grandpa's Portrait,1955,,4,"Crime,Drama,Fantasy"
tt29042098,tvEpisode,Ready Set Action,Ready Set Action,2023,,,Comedy
tt10216386,tvEpisode,Wetter - Das Unberechenbare berechnen,Wetter - Das Unberechenbare berechnen,2017,,40,Documentary
tt8940002,tvEpisode,Episode #1.589,Episode #1.589,1968,,,
tt6885226,tvEpisode,¡Silvina está celosa!,¡Silvina está celosa!,2005,,,"Comedy,Drama,Romance"
tt5008026,movie,Avogardo: Murmansk Mutation,Avogardo: Murmansk Mutation,2008,,90,Horror
tt2192149,tvEpisode,Christian v Basped,Christian v Basped,2012,,,Reality-TV
tt9751154,tvEpisode,Episode #1.136,Episode #1.136,2015,,,"Action,Biography,Drama"
tt16150364,tvEpisode,Episode #22.247,Episode #22.247,,,,Drama
tt3025986,short,What Makes Us Human,What Makes Us Human,2013,,24,"Drama,Short"
tt2169441,tvEpisode,Episode dated 16 January 2012,Episode dated 16 January 2012,2012,,40,Talk-Show
tt17538982,tvEpisode,Episode #1.153,Episode #1.153,2021,,,"Comedy,Drama"
tt14685566,tvEpisode,Episode #1.479,Episode #1.479,,,,"Action,Biography,History"
tt9029664,tvEpisode,Episode #1.71,Episode #1.71,1993,,,Talk-Show
tt3418126,tvEpisode,Episode dated 21 December 2013,Episode dated 21 December 2013,2013,,,News
tt0958545,tvEpisode,Episode #2.1,Episode #2.1,1982,,,Drama
tt19512352,tvEpisode,Off-track,Off-track,2022,,25,Drama
tt37541144,tvEpisode,The Mystery of Edwin Drood,The Mystery of Edwin Drood,1975,,,"Fantasy,Horror,Mystery"
tt14311140,short,Tell Me Something,Tell Me Something,2023,,,"Drama,Short"
tt1962438,tvEpisode,Episode dated 29 November 1999,Episode dated 29 November 1999,1999,,,"News,Talk-Show"
tt30780816,tvEpisode,Episode #1.7,Episode #1.7,2007,,,Comedy
tt31463874,tvEpisode,Episode #1.490,Episode #1.490,,,,
tt9636624,tvEpisode,"GET READY TO SQUIRM: Hideous Kenvin's Motel in Pinellas Park, Florida","GET READY TO SQUIRM: Hideous Kenvin's Motel in Pinellas Park, Florida",2019,,,"Comedy,Documentary"
tt36883984,tvEpisode,Monster Zero,Monster Zero,1975,,,"Fantasy,Horror,Mystery"
tt1124882,tvEpisode,Episode #1.9,Episode #1.9,2007,,,Sport
tt6747414,tvEpisode,Episode #1.267,Episode #1.267,1968,,,Drama
tt7368612,tvEpisode,Bonaventure,Bonaventure,2011,,,Documentary
tt29704079,tvEpisode,Keith & Richard vs. Ford & Will,Keith & Richard vs. Ford & Will,2003,,,"Family,Game-Show"
tt8259612,short,Brewster's Angle,Brewster's Angle,2004,,13,"Sci-Fi,Short"
tt23629924,tvEpisode,Werner Schmidbauer trifft Franz-Xaver Gernstl,Werner Schmidbauer trifft Franz-Xaver Gernstl,2006,,,Talk-Show
tt36473258,tvEpisode,Episode #1.3,Episode #1.3,,,,Thriller
tt16212292,tvEpisode,Episode dated 5 October 2021,Episode dated 5 October 2021,2021,,67,Talk-Show
tt7909118,tvEpisode,Making the Cut,Making the Cut,2016,,,Family
tt7734038,tvEpisode,Shinjuku no Hito-tachi,Shinjuku no Hito-tachi,2017,,24,"Action,Animation,Drama"
tt29808608,tvEpisode,Episode #1.39,Episode #1.39,2002,,,"Adventure,Drama,Fantasy"
tt7673292,tvEpisode,"Somewhere 1%: I GO, STOP Race; Part 5","Somewhere 1%: I GO, STOP Race; Part 5",2017,,93,"Comedy,Game-Show,Reality-TV"
tt0732846,tvEpisode,Reap the Whirlwind,Reap the Whirlwind,1998,,47,Drama
tt5887064,short,Summer and Music,Summer and Music,2016,,20,Short
tt7109502,tvEpisode,Episode #1.152,Episode #1.152,1979,,22,"Drama,Romance"
tt9879706,tvEpisode,Episode #3.83,Episode #3.83,2010,,,"Comedy,Drama,Romance"
tt4743348,movie,Untitled Rwanda Cycling Project,Untitled Rwanda Cycling Project,,,,"Drama,Sport"
tt4724908,tvEpisode,Nicholas Walters v Miguel Marriaga - WBA Super World Featherweight Championship,Nicholas Walters v Miguel Marriaga - WBA Super World Featherweight Championship,2015,,,"Documentary,Sport"
tt9586868,tvEpisode,Episode #3.177,Episode #3.177,1997,,,Talk-Show
tt35051845,short,A La Carte,A La Carte,2024,,5,"Comedy,Short"
tt9746708,tvEpisode,Episode #1.932,Episode #1.932,2009,,,Drama
tt15710340,short,BHP: Change Commitment,BHP: Change Commitment,2020,,2,Short
tt4366732,tvEpisode,Episode dated 31 December 1976,Episode dated 31 December 1976,1976,,,"Family,Music,News"
tt15265560,tvEpisode,Episode #1.159,Episode #1.159,,,,Fantasy
tt1947647,tvEpisode,Episode #1.101,Episode #1.101,1980,,,"Drama,Romance"
tt35066368,tvEpisode,Stelt,Stelt,2023,,,Drama
tt15722280,short,Toyota Concept I,TOYOTA CONCEPT I,2017,,10,"Drama,Short"
tt12843470,tvEpisode,A Brave Leap of Faith,A Brave Leap of Faith,2016,,,"Action,Adventure,Animation"
tt10214256,tvEpisode,Keep Going,Keep Going,2019,,,Comedy
tt10863626,tvEpisode,Immer On: Wie Soziale Medien Und Virtuelle Welten Uns Verändern,Immer On: Wie Soziale Medien Und Virtuelle Welten Uns Verändern,2019,,30,Documentary
tt25621778,tvEpisode,Roland Chrystal,Roland Chrystal,2022,,27,Talk-Show
tt29032692,tvEpisode,Episode dated 1 March 2022,Episode dated 1 March 2022,2022,,,News
tt14493428,tvEpisode,Episode #1.125,Episode #1.125,,,,Drama
tt12146402,tvEpisode,Episode #1.1628,Episode #1.1628,2017,,23,"Drama,Romance"
tt33337445,tvEpisode,Episode #2.174,Episode #2.174,1985,,22,Game-Show
tt35051274,tvEpisode,The Whitest Black Girl You Ever Met (Part III),The Whitest Black Girl You Ever Met (Part III),2025,,,"Comedy,Drama"
tt1218810,tvEpisode,Foo Fighters & Garbage,Foo Fighters & Garbage,1996,,,
tt21887584,tvEpisode,Episode #1.2089,Episode #1.2089,,,,
tt12984464,tvEpisode,Dziadek,Dziadek,2014,,,Drama
tt37470668,tvEpisode,Episode #1.54,Episode #1.54,2025,,,Drama
tt15200282,tvEpisode,Episode #1.583,Episode #1.583,,,,
tt23805656,tvEpisode,Episode dated 16 November 2022,Episode dated 16 November 2022,2022,,50,Talk-Show
tt3623288,tvEpisode,Handwriting Analysis,Handwriting Analysis,1954,,15,"Comedy,Family"
tt1471103,tvEpisode,Episode #2.1,Episode #2.1,2003,,55,"Drama,History,Romance"
tt3380124,tvEpisode,Undercover Employee,Undercover Employee,2014,,43,Reality-TV
tt16171870,tvEpisode,La ruta del contrabando,La ruta del contrabando,2023,,,Drama
tt1981648,tvMovie,"Kazeyo, suzuka e","Kazeyo, suzuka e",1988,,,Drama
tt2311744,tvEpisode,Episode #1.14,Episode #1.14,2012,,15,Comedy
tt36770613,tvEpisode,Dit is geen herhaling!,Dit is geen herhaling!,2023,,,Family
tt4241274,short,Kaardimaja,House of Cards,2013,,28,"Drama,Short"
tt6496622,tvEpisode,Geschenktes Leben? - Organspende,Geschenktes Leben? - Organspende,1999,,50,Talk-Show
tt12651458,tvEpisode,Breaking Kayfabe,Breaking Kayfabe,2020,,,Comedy
tt8092020,tvEpisode,Episode #1.48,Episode #1.48,2008,,,Comedy
tt0258356,tvSeries,Hopkins 24/7,Hopkins 24/7,2000,,60,
tt3600512,tvSeries,Living Wisdom,Living Wisdom,2014,,,Talk-Show
tt29134496,tvEpisode,Episode #1.5,Episode #1.5,1986,,30,News
tt3809270,tvEpisode,Kayla,Kayla,2011,,42,Reality-TV
tt13713042,tvEpisode,Twenty Thousand Leagues Under the Sea,Twenty Thousand Leagues Under the Sea,1999,,,"Adventure,Animation,Family"
tt5696784,tvEpisode,Spielberg-Hollywood,Spielberg-Hollywood,1997,,,"Documentary,News"
tt37968525,short,Volver,Volver,,,,"Drama,Short"
tt30852516,tvEpisode,Os Barbixas,Os Barbixas,2010,,,Talk-Show
tt3400406,tvEpisode,The White Mask,The White Mask,1952,,,Drama
tt0064923,movie,Sam Whiskey,Sam Whiskey,1969,,96,"Comedy,Western"
tt29732904,tvEpisode,Episode #1.8157,Episode #1.8157,2023,,,"Drama,Romance"
tt11133026,tvEpisode,Mi maravillosa colección de Anime en VHS,Mi maravillosa colección de Anime en VHS,2018,,31,"Comedy,Horror"
tt30185839,tvEpisode,Episode dated 28 October 1981,Episode dated 28 October 1981,1981,,,Family
tt7643862,short,Family Bonding,Family Bonding,2017,,,Short
tt32375624,tvMiniSeries,City Critterz,City Critterz,,,,Animation
tt3578370,tvEpisode,Adam Beach,Adam Beach,2013,,,
tt38510879,short,Natureza Morta,Natureza Morta,2024,,12,"Fantasy,Horror,Mystery"
tt9202820,tvEpisode,Límite 48 horas 7,Límite 48 horas 7,2018,,,Talk-Show
tt6690666,tvMovie,Os Sornas,Os Sornas,1966,,,Comedy
tt2054221,tvEpisode,Malta,Malta,2006,,21,"Biography,History,Reality-TV"
tt1285016,movie,The Social Network,The Social Network,2010,,120,"Biography,Drama"
tt27304389,tvEpisode,"Omegle, But I Can Only Stare At People #2","Omegle, But I Can Only Stare At People #2",2020,,,
tt9033806,tvEpisode,5 Sinne/Zentralorgan Ohr,5 Sinne/Zentralorgan Ohr,1998,,60,"Biography,Documentary,Music"
tt27011977,short,Hims,Hims,2023,,16,"Horror,Short"
tt10863682,tvEpisode,Episode #1.4,Episode #1.4,1997,,,Musical
tt2861788,tvEpisode,Something New,Something New,2013,,22,"Comedy,Drama,Romance"
tt15288702,movie,American/Indian,American/Indian,,,,Drama
tt0841263,tvEpisode,The Sawmill,The Sawmill,1952,,,"Crime,Mystery,Thriller"
tt28327585,tvEpisode,Episode #1.17,Episode #1.17,1963,,30,"Drama,Romance"
tt34625967,tvEpisode,Folge 18,Folge 18,2021,,,Reality-TV
tt0932469,tvEpisode,South Beach Style,South Beach Style,2007,,,"Documentary,News"
tt2124810,short,In a Prolonged Moment,In a Prolonged Moment,2007,,6,"Crime,Short"
tt6207030,tvEpisode,The Interceptor,The Interceptor,2010,,,Sci-Fi
tt10657194,tvEpisode,Episode #1.421,Episode #1.421,2010,,,Drama
tt2997554,tvEpisode,Episode #1.90,Episode #1.90,1966,,,"Drama,Sport"
tt28632215,tvEpisode,Episode #1.30,Episode #1.30,1964,,,"Drama,Romance"
tt12277628,tvEpisode,Episode #1.4790,Episode #1.4790,,,,Family
tt1205010,movie,Unchained Melody,Unchained Melody,2009,,,Drama
tt29546518,tvEpisode,Ahsoka Episode 8 Breakdown & Review - Abeloth Teased,Ahsoka Episode 8 Breakdown & Review - Abeloth Teased,2023,,,"News,Talk-Show"
tt1941048,tvEpisode,Liisa pelkää Arjan haasteita,Liisa pelkää Arjan haasteita,2011,,,Drama
tt15231154,tvEpisode,Episode #1.743,Episode #1.743,,,,Drama
tt6465968,tvMiniSeries,Late Night,Late Night,2017,,42,Thriller
tt3435518,tvEpisode,"Style-City Music, Jar-e, the R's, Tim Hughes, Brenton Brown, J-Flo","Style-City Music, Jar-e, the R's, Tim Hughes, Brenton Brown, J-Flo",2011,,,Music
tt29995472,tvEpisode,Los declaro marido y mujer,Los declaro marido y mujer,2023,,60,Drama
tt17658456,movie,Clean,Clean,2022,,92,Documentary
tt21863250,tvEpisode,Episode #1.1,Episode #1.1,2022,,,"Drama,Romance"
tt32176616,movie,Premalu 2,Premalu 2,,,,"Comedy,Romance"
tt1777291,tvEpisode,Episode dated 15 November 2010,Episode dated 15 November 2010,2010,,25,Documentary
tt3335906,tvEpisode,Invasion Pt. 4,Invasion Pt. 4,2009,,,Adventure
tt1729988,tvEpisode,A Rough Day on the Runway,A Rough Day on the Runway,2010,,64,Reality-TV
tt16262806,tvEpisode,Episode #1.60,Episode #1.60,2021,,25,Romance
tt3117298,tvEpisode,Lazno vetuvanje,Lazno vetuvanje,2011,,,Family
tt2091613,tvEpisode,Premiere,Premiere,2011,,,Reality-TV
tt7636132,tvEpisode,The Insanity of the Proposed Vermont Carbon Tax Plan,The Insanity of the Proposed Vermont Carbon Tax Plan,2017,,6,"News,Talk-Show"
tt26654150,tvEpisode,Kötü Taklitçi,Kötü Taklitçi,2023,,,Talk-Show
tt4526332,tvEpisode,The Competition,The Competition,2007,,,"Animation,Comedy"
tt16328656,tvEpisode,Episode #1.4188,Episode #1.4188,,,,Reality-TV
tt11414934,tvEpisode,Episode #1.124,Episode #1.124,2015,,,Drama
tt7355068,tvEpisode,Episode #1.113,Episode #1.113,2015,,,Comedy
tt4819544,movie,Ming zhong zhu ding,Only You,2015,,114,"Comedy,Romance"
tt0935121,tvEpisode,Opening Night,Opening Night,1990,,22,"Comedy,Sport"
tt15419832,tvEpisode,Episode #1.220,Episode #1.220,,,,"Family,News,Talk-Show"
tt3165156,tvEpisode,The Big Step,The Big Step,,,21,Reality-TV
tt8637934,tvEpisode,"Neil Sedaka, and The Young Rascals","Neil Sedaka, and The Young Rascals",1968,,,Music
tt3364502,tvEpisode,Wheel Around the World 3,Wheel Around the World 3,2004,,,"Family,Game-Show"
tt35085018,tvEpisode,Elimination gala,Elimination gala,2023,,,Reality-TV
tt9877828,tvEpisode,Episode #1.1072,Episode #1.1072,1982,,,Drama
tt0748553,tvEpisode,The Night of Jack O'Diamonds,The Night of Jack O'Diamonds,1967,,60,"Action,Adventure,Western"
tt13407992,tvEpisode,Start Struck,Start Struck,,,,"Action,Adventure,Animation"
tt5793200,movie,Portugal,Portugal,2018,,107,Drama
tt1677140,tvEpisode,Episode #1.1,Episode #1.1,1961,,42,"Drama,Family"
tt10610010,tvEpisode,Episode #1.1567,Episode #1.1567,2018,,,Drama
tt29361597,short,Mod,Mod,2023,,7,"Short,Thriller"
tt34252293,short,Peixe,Peixe,2018,,,Short
tt4594290,tvEpisode,Episode dated 5 April 2009,Episode dated 5 April 2009,2009,,,
tt32875184,videoGame,Bygg Bilar med Mulle Meck,Bygg Bilar med Mulle Meck,1997,,,Family
tt13079280,short,Literally Just a Cinder Block,Literally Just a Cinder Block,2020,,3,"Comedy,Short"
tt9374316,tvEpisode,Episode #1.106,Episode #1.106,2012,,,Drama
tt11487858,tvSeries,Holloman County,Holloman County,,,,Mystery
tt2157740,short,Casilina Express,Casilina Express,2005,,31,"Documentary,Short"
tt0614435,tvEpisode,Episode #3.18,Episode #3.18,2004,,,"Comedy,Reality-TV"
tt7925490,tvEpisode,Episode dated 29 January 2018,Episode dated 29 January 2018,2018,,,Talk-Show
tt1406779,tvEpisode,Riaru doraibu,Riaru doraibu,2008,,22,"Action,Animation,Crime"
tt27723635,tvEpisode,"Anything I Eat, They Eat/Breaking Impossible Gaming World Records","Anything I Eat, They Eat/Breaking Impossible Gaming World Records",2023,,,Reality-TV
tt2372764,short,Coaches Leaving Great Southern Hotel Killarney,Coaches Leaving Great Southern Hotel Killarney,1900,,,"Documentary,Short"
tt12125094,tvEpisode,Episode #1.2126,Episode #1.2126,,,,Drama
tt5511250,short,Polygamie,Polygamie,2016,,6,Short
tt12930848,tvEpisode,Episode #1.4064,Episode #1.4064,1989,,44,"Drama,Romance"
tt6885316,tvEpisode,Klopka za pionira,Klopka za pionira,2009,,,Documentary
tt13314854,short,Cat and Kat,Cat and Kat,2020,,3,"Animation,Short"
tt3087592,movie,"My Street, My Life","My Street, My Life",2013,,88,"Drama,Music"
tt37505141,short,"Mom, Stay Dead","Mom, Stay Dead",2025,,10,"Fantasy,Short"
tt8813224,tvEpisode,Episode #1.99,Episode #1.99,1976,,50,"Drama,Romance"
tt23788396,tvEpisode,Michigan State at Penn State,Michigan State at Penn State,2022,,,Sport
tt2324560,tvEpisode,Episode #1.86,Episode #1.86,2012,,45,"Comedy,Drama,Romance"
tt9640214,tvEpisode,Episode #1.50,Episode #1.50,2010,,,Drama
tt16407784,tvEpisode,Episode #19.94,Episode #19.94,,,,"Comedy,Music,Talk-Show"
tt23132100,tvEpisode,Episode #1.14,Episode #1.14,2015,,,
tt8316068,tvEpisode,Episode #10.15,Episode #10.15,2009,,25,Comedy
tt0417995,tvMovie,Das Mädl aus der Vorstadt,Das Mädl aus der Vorstadt,1962,,125,Comedy
tt10644086,tvEpisode,Episode #1.1190,Episode #1.1190,2010,,,Drama
tt8482916,tvEpisode,Episode #1.19,Episode #1.19,1988,,,
tt1603206,tvEpisode,Episode dated 29 January 2010,Episode dated 29 January 2010,2010,,,"News,Talk-Show"
tt28815836,tvEpisode,Episode #1.900,Episode #1.900,2023,,,
tt18344596,tvEpisode,Episode dated 3 March 2022,Episode dated 3 March 2022,2022,,180,News
tt14963396,tvEpisode,Episode #1.178,Episode #1.178,,,,"Drama,Romance"
tt3721190,tvEpisode,Episode dated 21 May 2014,Episode dated 21 May 2014,2014,,21,Reality-TV
tt34746379,tvEpisode,Circulito Consigue Trabajo,Circulito Consigue Trabajo,2011,,,Adventure
tt2947868,short,Los Invisibles,Los Invisibles,2010,,24,"Documentary,Short"
tt11221166,tvEpisode,Episode #10.86,Episode #10.86,2019,,,Talk-Show
tt15555144,movie,"Manzanar, Diverted: When Water Becomes Dust","Manzanar, Diverted: When Water Becomes Dust",2021,,84,Documentary
tt14264224,tvEpisode,Sábado - Central: 31/10/15,Sábado - Central: 31/10/15,2015,,,News
tt3408740,tvEpisode,The Beauty Salon Murder,The Beauty Salon Murder,2007,,,"Crime,Documentary"
tt32492444,tvEpisode,Episode dated 9 May 2024,Episode dated 9 May 2024,2024,,,News
tt0309364,short,"Bird's-Eye View of Dock Front, Galveston","Bird's-Eye View of Dock Front, Galveston",1900,,1,"Documentary,Short"
tt16077158,tvEpisode,Episode dated 14 November 2021,Episode dated 14 November 2021,2021,,85,News
tt26448040,tvEpisode,Episode #1.30,Episode #1.30,1979,,,"Drama,Romance"
tt0528786,tvEpisode,Episode #1.2746,Episode #1.2746,1998,,25,"Drama,Romance"
tt6094166,tvEpisode,Episode #1.20,Episode #1.20,1972,,30,Talk-Show
tt3403076,tvEpisode,Episode #1.7,Episode #1.7,2013,,30,Drama
tt1643351,tvEpisode,Episode dated 29 June 2004,Episode dated 29 June 2004,2004,,,Music
tt4702708,short,Bloody Mary,Bloody Mary,2015,,6,"Comedy,Short"
tt9064214,tvEpisode,Wildlife Park,Wildlife Park,2014,,19,Family
tt1679704,tvEpisode,Episode dated 5 May 1992,Episode dated 5 May 1992,1992,,,"Reality-TV,Romance"
tt2396732,tvEpisode,Episode dated 14 September 2012,Episode dated 14 September 2012,2012,,,Comedy
tt12790582,tvEpisode,Episode #1.632,Episode #1.632,,,,Drama
tt37273417,tvEpisode,Episode #1.1,Episode #1.1,2025,,,Drama
tt6947896,short,The Box,The Box,2017,,10,"Drama,Fantasy,Short"
tt3157462,tvEpisode,Nuts for Peanuts!,Nuts for Peanuts!,2013,,21,Reality-TV
tt2422212,movie,House of Cards,House of Cards,2013,,107,"Action,Drama"
tt2961364,short,Bliss,Bliss,2013,,12,"Drama,Romance,Short"
tt22806288,tvEpisode,Episode #1.237,Episode #1.237,,,,Talk-Show
tt28448674,tvEpisode,Episode #1.138,Episode #1.138,2013,,45,"Crime,Drama,Romance"
tt0434935,movie,Ferienfieber,Ferienfieber,2004,,85,Comedy
tt33502651,tvEpisode,Talk Nerdy to Me,Talk Nerdy to Me,2021,,,Reality-TV
tt13396284,tvEpisode,Episode #2.182,Episode #2.182,,,57,"Comedy,Music,Talk-Show"
tt4124380,tvEpisode,Episode #1.95,Episode #1.95,,,,Drama
tt2002403,tvEpisode,Episode dated 31 December 2000,Episode dated 31 December 2000,2000,,,News
tt11850446,short,Honey Do List,Honey Do List,2020,,8,"Comedy,Romance,Short"
tt1112444,tvEpisode,Commie Son,Commie Son,1956,,30,Drama
tt13971872,tvEpisode,Episode #1.1,Episode #1.1,1988,,,Game-Show
tt1628723,videoGame,Chuckle's Revenge,Chuckle's Revenge,2010,,35,Horror
tt28490249,tvEpisode,National Macaron Day,National Macaron Day,2021,,,Talk-Show
tt1496570,tvEpisode,Episode #2.30,Episode #2.30,2009,,60,Talk-Show
tt1025226,tvEpisode,Tämä on tärkeä maa,Tämä on tärkeä maa,1984,,55,"Drama,Thriller"
tt19046018,tvEpisode,Episode dated 20 March 2022,Episode dated 20 March 2022,2022,,25,News
tt5586760,tvEpisode,Resa,Resa,2014,,10,"Comedy,Short"
tt36303536,tvEpisode,Episode #8.5,Episode #8.5,2025,,,"Game-Show,Talk-Show"
tt15271756,tvEpisode,Moving Forward,Moving Forward,2013,,,"Action,Animation,Fantasy"
tt36458772,tvSeries,Entertainment,Entertainment,2018,2018,,Animation
tt28508848,tvEpisode,Episode #1.25,Episode #1.25,1965,,,
tt13876406,tvEpisode,Episode #1.7222,Episode #1.7222,1994,,30,"Drama,Romance"
tt35063051,tvEpisode,Episode dated 13 June 1998,Episode dated 13 June 1998,1998,,30,Talk-Show
tt0525155,tvEpisode,Broken,Broken,1993,,25,"Crime,Drama,Mystery"
tt2065814,tvEpisode,Waldo of Arabia,Waldo of Arabia,,,,Animation
tt12109390,tvEpisode,Episode #1.474,Episode #1.474,,,,"Drama,Romance"
tt26289613,tvEpisode,The Garden as Teacher,The Garden as Teacher,2023,,,Documentary
tt2558614,tvEpisode,More Lies for Jeannie,More Lies for Jeannie,2012,,,"Comedy,Drama,Fantasy"
tt27238391,tvEpisode,Episode #1.395,Episode #1.395,2022,,,"Adventure,Drama"
tt36173851,tvEpisode,Episode #1.112,Episode #1.112,2014,,,Talk-Show
tt14396000,tvEpisode,Mercedes Morris Interview,Mercedes Morris Interview,2021,,,"Biography,Horror,Talk-Show"
tt10876290,tvEpisode,Episode dated 26 April 1991,Episode dated 26 April 1991,1991,,,Talk-Show
tt6296018,tvEpisode,Harry Enfield's Yule Log Chums,Harry Enfield's Yule Log Chums,1998,,,Comedy
tt11727920,tvEpisode,Episode #1.97,Episode #1.97,,,,Romance
tt1529911,tvEpisode,Episode #1.1462,Episode #1.1462,1993,,25,"Drama,Romance"
tt11794120,tvEpisode,Episode #1.222,Episode #1.222,,,,Talk-Show
tt16234700,tvSpecial,Sohaila's Boutique of Treasures,Sohaila's Boutique of Treasures,2021,,30,Reality-TV
tt38651472,tvEpisode,Episode #1.6,Episode #1.6,2025,,,Mystery
tt5747492,tvSeries,Solos: The Jazz Sessions,Solos: The Jazz Sessions,2004,2006,,Music
tt33264805,tvEpisode,Episode #1.194,Episode #1.194,1966,,25,Game-Show
tt0721956,tvEpisode,Sam Kydd,Sam Kydd,1974,,,"Biography,Documentary"
tt26421077,tvEpisode,Episode #1.112,Episode #1.112,2022,,22,"Drama,Thriller"
tt1992244,movie,The Luxe,The Luxe,,,,Drama
tt28333256,tvEpisode,Jaal Ep02,Jaal Ep02,2022,,,Drama
tt11053316,tvEpisode,1,1,2020,,,Drama
tt1610254,tvEpisode,Episode #1.2,Episode #1.2,2010,,,"Game-Show,Music"
tt19829572,short,Summer of 96,Summer of 96,2023,,,Short
tt8400274,tvEpisode,Sueño Compartido,Sueño Compartido,2018,,50,"Comedy,Drama,Music"
tt22939806,tvEpisode,Episode #1.1178,Episode #1.1178,1973,,22,"Drama,Romance"
tt10558970,tvEpisode,Odcinek 129,Odcinek 129,2019,,,Drama
tt30749254,short,Final Fantasy,Final Fantasy,2023,,41,"Animation,Short"
tt5099380,tvEpisode,Episode dated 10 October 1958,Episode dated 10 October 1958,1958,,,"Family,Music"
tt7035024,tvEpisode,Episode #1.45,Episode #1.45,2014,,,"Crime,Thriller"
tt2700806,tvEpisode,Folge 106,Folge 106,2000,,,Family
tt8326622,tvEpisode,Episode #1.165,Episode #1.165,1995,,50,"Drama,Romance"
tt6206964,tvEpisode,Episode dated 8 November 2016,Episode dated 8 November 2016,2016,,,"News,Talk-Show"
tt5000396,tvEpisode,Food Reviewer,Food Reviewer,2016,,22,Comedy
tt27837495,tvEpisode,Episode #1.2031,Episode #1.2031,2003,,,
tt9332702,tvEpisode,Harcèlement,Harcèlement,2014,,,Drama
tt14793696,tvEpisode,Episode dated 30 May 2009,Episode dated 30 May 2009,2009,,,Documentary
tt35351817,tvEpisode,Episode #1.9,Episode #1.9,2024,,,"Drama,Romance"
tt8448856,tvEpisode,Episode #1.8,Episode #1.8,2018,,,Comedy
tt15097056,tvEpisode,Episode dated 29 July 2021,Episode dated 29 July 2021,2021,,,"Family,News,Talk-Show"
tt37846554,video,RSPCA Assured Farm Investigation: Piglets Being Abused!,RSPCA Assured Farm Investigation: Piglets Being Abused!,2022,,1,"Documentary,Short"
tt13345200,tvEpisode,Vertragsbruch,Vertragsbruch,2020,,28,Drama
tt8525224,tvEpisode,Episode #1.96,Episode #1.96,1990,,50,"Drama,Romance"
tt5931768,tvEpisode,It's a Secret/Queen of Thighs,It's a Secret/Queen of Thighs,2016,,23,"Adventure,Animation,Comedy"
tt29266010,tvEpisode,"Up & Adams Show with Kay Adams - Friday September 22, 2023","Up & Adams Show with Kay Adams - Friday September 22, 2023",2023,,,Talk-Show
tt31219589,tvEpisode,"Fortune Favors, Mayana Chocolate","Fortune Favors, Mayana Chocolate",2024,,,Reality-TV
tt14128862,tvEpisode,Episode #1.9,Episode #1.9,2021,,,Reality-TV
tt13299766,tvEpisode,What Is Love?,What Is Love?,2021,,58,"Crime,Drama,Romance"
tt11425834,tvEpisode,Episode #1.785,Episode #1.785,,,,Romance
tt14188826,tvEpisode,Episode #4.134,Episode #4.134,1990,,,Talk-Show
tt18930456,tvEpisode,God Bless Texas,God Bless Texas,2021,,,Talk-Show
tt8750570,movie,Sergio,Sergio,2020,,118,"Biography,Drama,History"
tt0625055,tvEpisode,Episode dated 26 November 2003,Episode dated 26 November 2003,2003,,,"News,Talk-Show"
tt0325537,movie,Head of State,Head of State,2003,,95,Comedy
tt11851300,tvEpisode,Episode #1.211,Episode #1.211,,,,Romance
tt0301802,movie,Le sang des tropiques,Le sang des tropiques,1983,,80,Adventure
tt0427392,movie,The Invasion,The Invasion,2007,,99,"Sci-Fi,Thriller"
tt13138838,tvEpisode,Storytime with Marla. Part Two. The Princess,Storytime with Marla. Part Two. The Princess,2020,,,Comedy
tt38896546,tvEpisode,Episode #1.70,Episode #1.70,2025,,,"Drama,Romance"
tt7926102,tvEpisode,Commercial,Commercial,2018,,22,"Comedy,Drama"
tt13979678,short,LIFE: Invisible People,LIFE: Invisible People,,,,"Drama,Short"
tt3484260,tvEpisode,There's Something About Jerry,There's Something About Jerry,2013,,43,"Comedy,Drama,Reality-TV"
tt5037004,movie,Shirbaha,Bride Price,1972,,91,"Drama,Thriller"
tt20424514,tvEpisode,Episode #3.9,Episode #3.9,1966,,35,"Family,Game-Show,Music"
tt19728720,tvEpisode,Episode #1.130,Episode #1.130,2022,,,Drama
tt6535948,short,Grandma the Millennial,Grandma the Millennial,2017,,,"Comedy,Short"
tt5187166,movie,Sino? Si Amang,Sino? Si Amang,1987,,,"Action,Crime"
tt33478475,tvEpisode,Episode dated 23 September 2024,Episode dated 23 September 2024,2024,,,News
tt36895289,tvEpisode,Episode #1.6442,Episode #1.6442,1989,,,"Drama,Romance"
tt2382485,tvSeries,Kareinaru keiji,Kareinaru keiji,1977,,54,Drama
tt0415364,tvMovie,"Western, Italian Style","Western, Italian Style",1968,,38,Documentary
tt32544952,tvEpisode,Heartfelt Bonds,Heartfelt Bonds,2002,,,"Adventure,Animation,Comedy"
tt22032292,tvEpisode,The Social Network,The Social Network,2010,,15,News
tt2153140,tvEpisode,Yeti The Giant of the 20th Century,Yeti The Giant of the 20th Century,1985,,,"Comedy,Horror"
tt37533635,tvEpisode,Manchester United VS Chelsea,Manchester United VS Chelsea,2025,,,Sport
tt36854307,tvEpisode,The Special Guest,The Special Guest,2025,,,Comedy
tt37535760,tvEpisode,Episode #1.626,Episode #1.626,2025,,,"Action,Comedy,Game-Show"
tt1749507,tvEpisode,Episode dated 19 October 2010,Episode dated 19 October 2010,2010,,,Talk-Show
tt4881728,tvEpisode,Marconi,Marconi,1992,,1,"Drama,History,Short"
tt16358752,tvEpisode,Sternstunde Philosophie: Zwischen Buch und Bühne,Sternstunde Philosophie: Zwischen Buch und Bühne,1997,,60,Talk-Show
tt17513088,tvEpisode,The Hands of Orlac,The Hands of Orlac,1980,,100,"Drama,Fantasy,Horror"
tt0227042,short,Meeting the Challenge,Meeting the Challenge,1958,,16,Short
tt29256504,movie,The Tulsa Murders,The Tulsa Murders,,,,Horror
tt38625427,short,Spiritual Consultant,Spiritual Consultant,2025,,8,"Drama,Short"
tt7407498,tvSeries,Le son des Français d'Amérique,Le son des Français d'Amérique,1974,1980,,Documentary
tt1635675,tvEpisode,La fuga di Ciro,La fuga di Ciro,1982,,,Family
tt13878320,short,Perfect Match,Perfect Match,2019,,,Short
tt32484119,tvEpisode,Episode #1.2,Episode #1.2,2022,,,Romance
tt15339766,tvEpisode,Episode #3.56,Episode #3.56,2021,,,"Music,Reality-TV"
tt4018168,tvEpisode,Avsnitt 1,Avsnitt 1,2014,,57,"Game-Show,Reality-TV,Sport"
tt7285150,short,"I, an Actor","I, an Actor",2017,,4,"Comedy,Drama,Short"
tt7665546,movie,Mare Nostrum: Lo Stretto di Messina,Mare Nostrum: Lo Stretto di Messina,2017,,57,Documentary
tt32909866,tvEpisode,Was this an utter FAILURE by the Secret Service? | The attempted assassination of Donald Trump,Was this an utter FAILURE by the Secret Service? | The attempted assassination of Donald Trump,2024,,,News
tt21410660,tvEpisode,LAFC x 110 Football/Moon On The Rise & Away Days Hospitality,LAFC x 110 Football/Moon On The Rise & Away Days Hospitality,2021,,,Sport
tt13986834,tvEpisode,Sunken Cities,Sunken Cities,,,,History
tt2137814,short,Stay at Home Dad,Stay at Home Dad,2012,,15,"Comedy,Horror,Short"
tt0550605,tvEpisode,Silver Rider,Silver Rider,1989,,23,"Action,Adventure,Drama"
tt8060708,tvEpisode,Episode #1.4,Episode #1.4,1968,,,"Family,Music"
tt12523278,tvEpisode,Episode #1.3548,Episode #1.3548,1965,,25,"Drama,Romance"
tt15989320,tvEpisode,2. mars 2021 kl. 19:45,2. mars 2021 kl. 19:45,2021,,,News
tt5100102,tvEpisode,Episode dated 4 November 2014,Episode dated 4 November 2014,2014,,,News
tt2652488,tvEpisode,Southern Hospitality 2,Southern Hospitality 2,2012,,,"Family,Game-Show"
tt13356526,tvEpisode,The Spirit of Faith Conquers the Spirit of Fear,The Spirit of Faith Conquers the Spirit of Fear,2020,,116,Family
tt12238162,tvEpisode,Episode #10.185,Episode #10.185,2003,,30,"Crime,Drama"
tt6662596,tvEpisode,Megan Batoon,Megan Batoon,2017,,41,Talk-Show
tt5107746,tvEpisode,Episode #1.21,Episode #1.21,2015,,15,"Biography,Drama,Romance"
tt1356757,video,Erotikes diplopenies,Erotikes diplopenies,1988,,90,Comedy
tt0557103,tvEpisode,The Piano Show,The Piano Show,1957,,30,Comedy
tt5571220,tvEpisode,Malcolm David Kelley,Malcolm David Kelley,2016,,,Talk-Show
tt15050060,tvEpisode,Episode #1.156,Episode #1.156,,,,Family
tt6068342,short,Seth Rogen's Jewish-Canadian-American Thanksgiving,Seth Rogen's Jewish-Canadian-American Thanksgiving,2014,,,"Comedy,Short"
tt15894954,tvEpisode,Episode #1.2447,Episode #1.2447,,,60,"Comedy,Game-Show,Talk-Show"
tt10311096,tvEpisode,Episode #1.3,Episode #1.3,2019,,,"Comedy,Drama"
tt8054790,movie,Lenin Lives!,Lenin Lives!,,,,"Comedy,Drama"
tt36453860,tvEpisode,Episode #18.28,Episode #18.28,2025,,,Talk-Show
tt5333806,tvSeries,Copathetic,Copathetic,2015,,,Comedy
tt15111370,tvEpisode,Episode #1.574,Episode #1.574,,,,Talk-Show
tt15992886,tvEpisode,25. mars 2014 kl. 20:55,25. mars 2014 kl. 20:55,2014,,,News
tt10002320,tvEpisode,Day 4: Om Baba gets jailed!,Day 4: Om Baba gets jailed!,2016,,,Reality-TV
tt11425932,tvEpisode,Episode #1.174,Episode #1.174,2016,,,Drama
tt10467258,short,Skylar,Skylar,2019,,,"Drama,Short"
tt0216786,short,Governor of Ohio and Staff,Governor of Ohio and Staff,1897,,,"News,Short"
tt5188984,tvEpisode,Summer Vegetable Yakibitashi,Summer Vegetable Yakibitashi,,,,Documentary
tt9619824,movie,Final Destination Bloodlines,Final Destination: Bloodlines,2025,,110,"Horror,Thriller"
tt38785543,tvEpisode,Episode #1.2851,Episode #1.2851,1965,,30,News
tt6128440,tvSeries,Checking Out Allens,Checking Out Allens,,,,Comedy
tt29593525,tvEpisode,Episode #1.43,Episode #1.43,1987,,,"Family,Music"
tt4375908,tvEpisode,Episode #20.47,Episode #20.47,2010,,,"Documentary,News"
tt20214824,tvEpisode,She ling. Part 16,She ling. Part 16,2006,,,"Crime,Drama,History"
tt19354060,tvEpisode,Episode #1.169,Episode #1.169,,,,"Comedy,Game-Show,Music"
tt4215706,tvEpisode,Tamron Hall Fields Questions/Instagram Dating/Harvey's Heroes/Fashion Trends/Granddaughter,Tamron Hall Fields Questions/Instagram Dating/Harvey's Heroes/Fashion Trends/Granddaughter,2014,,,Talk-Show
tt15458492,tvEpisode,Dunkin,Dunkin,2019,,,
tt30310183,tvEpisode,Sewora gajimara (2),Sewora gajimara (2),1987,,,Drama
tt27034972,tvEpisode,Episode #1.1078,Episode #1.1078,,,,Talk-Show
tt20518010,tvEpisode,Egg Wars/Parked Car,Egg Wars/Parked Car,2007,,,"Drama,News,Reality-TV"
tt2131356,tvEpisode,Roxanne & Hannah Packham/Amanda Reed,Roxanne & Hannah Packham/Amanda Reed,2011,,,"News,Talk-Show"
tt2229855,tvEpisode,Episode #1.34,Episode #1.34,2012,,,"Comedy,Drama,Romance"
tt20319064,tvEpisode,"#spd_absturz, #wahlverlierer_scholz, #wahlsieger_baerbock_habeck, #gegenoffensive_ukraine, #nato_finnland_schweden","#spd_absturz, #wahlverlierer_scholz, #wahlsieger_baerbock_habeck, #gegenoffensive_ukraine, #nato_finnland_schweden",2022,,,Talk-Show
tt7716620,tvEpisode,Episode dated 1 December 2017,Episode dated 1 December 2017,2017,,,News
tt2431366,short,Exit of the Dead,Exit of the Dead,2011,,7,"Action,Horror,Short"
tt12822432,tvEpisode,Episode #1.882,Episode #1.882,,,,Drama
tt32810329,tvEpisode,Episode #1.98,Episode #1.98,2023,,,"Drama,Family,Romance"
tt12489294,tvEpisode,Episode #23.10,Episode #23.10,2017,,,"Documentary,Reality-TV"
tt12269864,tvEpisode,Episode 8,Episode 8,2014,,,"Drama,Family,Romance"
tt1822501,tvEpisode,Episode #1.5818,Episode #1.5818,2011,,30,"Crime,Drama,Romance"
tt18563546,tvEpisode,Episode #1.1629,Episode #1.1629,,,,Musical
tt12546290,tvEpisode,El negocio de Juan,El negocio de Juan,2019,,,Drama
tt15262214,tvEpisode,Episode #3.15,Episode #3.15,2021,,,Documentary
tt11335962,tvEpisode,Kim Tae Woo X Urban Zakapa,Kim Tae Woo X Urban Zakapa,2017,,,"Music,Talk-Show"
tt2827744,tvEpisode,House of Cards,House of Cards,2013,,,"Comedy,Short"
tt19758240,tvEpisode,Episode #1.8229,Episode #1.8229,,,150,"Action,Comedy,Family"
tt9509578,tvEpisode,Episode #1.5,Episode #1.5,2011,,,Drama
tt34586875,tvEpisode,Episode dated 6 June 2024,Episode dated 6 June 2024,2024,,,Talk-Show
tt1597351,tvEpisode,Sowing the Seeds,Sowing the Seeds,2009,,,"Animation,Family"
tt16153282,tvEpisode,Episode #24.26,Episode #24.26,2007,,,News
tt0355120,tvMovie,Peer Gynt,Peer Gynt,1971,,310,Drama
tt4445242,tvEpisode,Ain't Gonna Leave Me,Ain't Gonna Leave Me,2014,,21,Reality-TV
tt21395656,tvEpisode,Episode #1.146,Episode #1.146,,,,"Action,Adventure,Thriller"
tt32897059,tvEpisode,Episode #3.26,Episode #3.26,2024,,60,"News,Talk-Show"
tt5100758,tvEpisode,Episode dated 18 September 2015,Episode dated 18 September 2015,2015,,,"News,Talk-Show"
tt1785516,short,Pode Piorar,Pode Piorar,2010,,16,"Adventure,Comedy,Drama"
tt4513068,movie,Tripping with Zorba,Tripping with Zorba,,,,Drama
tt13996582,short,Copin' w/Covid,Copin' w/Covid,2021,,,"Comedy,Short"
tt30983765,tvSpecial,The Gift of Hope - Northwest Medical Teams Telethon,The Gift of Hope - Northwest Medical Teams Telethon,2000,,,Documentary
tt3321928,tvEpisode,Episode #1.41,Episode #1.41,2013,,,"Comedy,Music,Talk-Show"
tt17737894,tvEpisode,05/07/2020,05/07/2020,2020,,126,"Comedy,Talk-Show"
tt13546186,tvEpisode,Episode #12.5,Episode #12.5,2012,,,"News,Sport"
tt32344981,tvEpisode,DISNEY's SONG OF THE SOUTH (1946) | James Baskett | The LRC Watch Party | Splash Mountain |Animation,DISNEY's SONG OF THE SOUTH (1946) | James Baskett | The LRC Watch Party | Splash Mountain |Animation,2024,,,Comedy
tt26627936,tvEpisode,Episode #1.23,Episode #1.23,,,,"Drama,Romance"
tt4633728,movie,Vehra Lambran Da,Vehra Lambran Da,1982,,,Action
tt1295085,tvMovie,Gifted Hands: The Ben Carson Story,Gifted Hands: The Ben Carson Story,2009,,90,"Biography,Drama"
tt9588996,tvMovie,Poklad,Poklad,1985,,58,"Comedy,Drama"
tt14043788,short,Naval Covid-19 Vaccine Q&A,Naval Covid-19 Vaccine Q&A,2021,,,"Documentary,Short"
tt3105378,short,"Stress, Snowfall, and the Inner Child","Stress, Snowfall, and the Inner Child",2013,,5,"Adventure,Animation,Short"
tt0027489,movie,César,César,1936,,168,Drama
tt14602554,tvEpisode,Episode #1.153,Episode #1.153,,,,Drama
tt3190852,tvEpisode,Episode dated 16 January 2004,Episode dated 16 January 2004,2004,,,News
tt34357654,tvEpisode,Episode #7.19,Episode #7.19,2024,,,Reality-TV
tt27094507,tvEpisode,Episode #1.519,Episode #1.519,,,,Drama
tt29306215,tvEpisode,Episode #1.1,Episode #1.1,2023,,,"Action,Drama,History"
tt21922356,tvEpisode,Episode #10.258,Episode #10.258,2022,,19,News
tt12125064,tvEpisode,Episode #1.1914,Episode #1.1914,,,,Drama
tt6124056,tvEpisode,Episode dated 3 April 2008,Episode dated 3 April 2008,2008,,,News
tt33362714,videoGame,Notruf 112: Die Feuerwehr Simulation,Emergency Call 112: The Fire Fighting Simulation,2016,,,Action
tt34376099,short,Rediscovering Australia's Lost Frogs,Rediscovering Australia's Lost Frogs,2024,,6,"Documentary,Short"
tt2162552,short,Uit Liefde,Uit Liefde,2012,,,"Romance,Short"
tt1497244,tvEpisode,Episode dated 26 October 1993,Episode dated 26 October 1993,1993,,,
tt30958369,tvEpisode,Episode #1.66,Episode #1.66,2020,,,Talk-Show
tt16730880,tvEpisode,Episode #27.16,Episode #27.16,1994,,,
tt15170784,tvEpisode,Amirah,Amirah,2021,,25,"Action,Adventure,Crime"
tt3360304,tvEpisode,Kolmas pyörä,Kolmas pyörä,1998,,44,Drama
tt21330770,movie,Cim hang,I Did It My Way,2023,,115,"Action,Crime,Drama"
tt0499627,tvMovie,Doctora,Doctora,1983,,53,Documentary
tt1323570,tvMovie,Bozí duha,The God's Rainbow,2008,,83,Drama
tt4543718,tvEpisode,Melody and the Owl,Melody and the Owl,2015,,,Family
tt15207650,tvEpisode,Episode #3.38,Episode #3.38,,,,"Comedy,Family,Fantasy"
tt1656255,tvEpisode,Episode #1.1,Episode #1.1,2010,,,Reality-TV
tt29846355,tvSeries,Minyeowa Sunjeongnam,Beauty and Mr. Romantic,2024,2024,70,"Drama,Family,Romance"
tt9094614,tvEpisode,The Mother,The Mother,2018,,,Drama
tt3672932,tvEpisode,The Great Horror Family,The Great Horror Family,2011,,,"Comedy,Horror"
tt24327068,tvMovie,Olga (Horrory z Hrádecku),Olga (Horrory z Hrádecku),2016,,,Drama
tt2963652,tvEpisode,Chi o yobu oni dôshin,Chi o yobu oni dôshin,1975,,,Action
tt16338726,tvEpisode,Episode #1.9490,Episode #1.9490,,,,Reality-TV
tt13128088,tvEpisode,Episode #1.124,Episode #1.124,,,,Drama
tt20591092,short,My Job Is My Life,My Job Is My Life,2023,,,"Drama,Short"
tt0680189,tvEpisode,Sax Education,Sax Education,1984,,,"Comedy,Family"
tt2542678,tvEpisode,Fuga da Carson City,Fuga da Carson City,2012,,,"Action,Comedy,Fantasy"
tt1281284,tvMovie,Greatest Before They Were Stars TV Moments,Greatest Before They Were Stars TV Moments,2005,,120,Documentary
tt11783128,tvEpisode,Episode #1.1297,Episode #1.1297,,,,"Comedy,Musical,News"
tt5844334,short,Worst Response,Worst Response,2016,,2,"Comedy,Short"
tt28996254,videoGame,Two of a Kind,Two of a Kind,2004,,,
tt3895784,tvSeries,The Future Starts Here,The Future Starts Here,2013,,6,"Biography,Comedy,Documentary"
tt13315126,tvEpisode,Gala 9: Tres meses después,Gala 9: Tres meses después,2020,,,Reality-TV
tt0491839,movie,Límite,Límite,2006,,85,Drama
tt13078486,tvEpisode,Episode #1.95,Episode #1.95,,,,Drama
tt8332210,tvEpisode,Episode #5.89,Episode #5.89,2018,,60,News
tt8337710,tvMovie,Guest House Rent,Guest House Rent,2018,,30,Comedy
tt7713290,movie,Hashti Tehran,Hashti Tehran,2016,,59,Documentary
tt30467820,tvEpisode,Episode #1.247,Episode #1.247,2022,,,"Drama,Family"
tt31318383,tvEpisode,Episode #1.403,Episode #1.403,2024,,,Drama
tt21353936,tvEpisode,The sneakiest tricksters of the animal kingdom - Eldridge Adams,The sneakiest tricksters of the animal kingdom - Eldridge Adams,2018,,,"Animation,Documentary"
tt18545762,tvEpisode,Episode #1.2012,Episode #1.2012,,,,Musical
tt14341054,tvEpisode,Episode dated 13 May 1984,Episode dated 13 May 1984,1984,,,Talk-Show
tt2497556,tvEpisode,A Writer,A Writer,,,,Reality-TV
tt7280972,video,Recarlo,Recarlo,2017,,,Short
tt1733401,tvEpisode,The Social Network,The Social Network,2010,,,News
tt13013268,tvEpisode,Episode #82.103,Episode #82.103,2020,,,Game-Show
tt4850978,tvEpisode,Yellow,Yellow,2014,,,Family
tt8338190,tvEpisode,The Change Up,The Change Up,2018,,,News
tt10835892,tvSpecial,Josh Wolf: Father of the Year,Josh Wolf: Father of the Year,2019,,64,Comedy
tt11183544,tvEpisode,Episode dated 26 October 2019,Episode dated 26 October 2019,2019,,,"Music,News,Talk-Show"
tt8888928,tvEpisode,Episode #1.2,Episode #1.2,2017,,,"Drama,Romance"
tt27128217,tvEpisode,Fun & Games 3,Fun & Games 3,2023,,,"Family,Game-Show"
tt11285486,tvEpisode,Beto O'Rourke Shows Off His Workout Routine on Instagram,Beto O'Rourke Shows Off His Workout Routine on Instagram,2019,,,Comedy
tt11302464,tvEpisode,The New Dawn,The New Dawn,2019,,,Drama
tt4211190,short,De Luxo,De Luxo,2014,,,"Comedy,Short"
tt2331197,short,Tears,Tears,2012,,14,"Drama,Short"
tt5582240,tvEpisode,111 - Prejudged Book Covers,111 - Prejudged Book Covers,2015,,,Comedy
tt0682139,tvEpisode,Episode dated 13 November 2003,Episode dated 13 November 2003,2003,,,News
tt2592026,short,One Up,One Up,2012,,,"Comedy,Short"
tt0722826,tvEpisode,Mirror Mirror on the Wall,Mirror Mirror on the Wall,1987,,,Comedy
tt35045910,tvEpisode,Chiefs CB CHRIS LAMMONS Has WARRANT Issued In Connection to Saints Alvin Kamara's Las Vegas ASSAULT!,Chiefs CB CHRIS LAMMONS Has WARRANT Issued In Connection to Saints Alvin Kamara's Las Vegas ASSAULT!,2022,,,"News,Sport"
tt2882984,tvEpisode,Episode dated 13 May 2013,Episode dated 13 May 2013,2013,,,Reality-TV
tt4591150,tvEpisode,Welfare Restrictions & Fast-Food Wages,Welfare Restrictions & Fast-Food Wages,2015,,,"Comedy,News,Talk-Show"
tt1319554,movie,The Animation Show 4,The Animation Show 4,2008,,81,Animation
tt15611080,tvEpisode,Episode #1.252,Episode #1.252,2021,,,Talk-Show
tt14497994,short,Reumatizam,Reumatizam,1959,,8,"Documentary,Short"
tt36938110,tvEpisode,Episode dated 14 May 2025,Episode dated 14 May 2025,2025,,,News
tt6523340,tvEpisode,Tsuria Diaz,Tsuria Diaz,2011,,60,Drama
tt2692752,short,Emo the Musical,Emo the Musical,2014,,15,"Comedy,Musical,Romance"
tt2982554,tvEpisode,Episode dated 30 May 2012,Episode dated 30 May 2012,2012,,,"News,Talk-Show"
tt25402958,tvEpisode,A Garden Variety (of Crime),A Garden Variety (of Crime),2023,,,Comedy
tt33069721,tvEpisode,Episode #29.1,Episode #29.1,1992,,,"Documentary,Talk-Show"
tt31323489,tvSeries,King Paul,King Paul,2015,,,Comedy
tt6622100,short,Scenic Jogging,Scenic Jogging,2010,,1,Short
tt2371143,tvEpisode,A Wendy Event,A Wendy Event,2012,,42,Talk-Show
tt7116842,tvEpisode,Cream Style Tony,Cream Style Tony,1995,,,"Animation,Comedy"
tt5480362,tvEpisode,Frank's Birthday,Frank's Birthday,2016,,41,"Documentary,Reality-TV"
tt7843684,tvEpisode,Episode #22.117,Episode #22.117,2018,,,"News,Talk-Show"
tt11191260,tvEpisode,Rachael Mullenix & Ian Allen,Rachael Mullenix & Ian Allen,2019,,43,"Crime,Documentary"
tt15729280,tvEpisode,Ihmisyyden ikuistaja,Ihmisyyden ikuistaja,2020,,,Talk-Show
tt4470766,tvEpisode,Truth or Date,Truth or Date,2010,,,Comedy
tt4451130,tvEpisode,Thirty Ending (2014),Thirty Ending (2014),2014,,,"Comedy,Drama"
tt10479578,tvEpisode,Sports families complicate talk of educational advantage,Sports families complicate talk of educational advantage,2019,,,Documentary
tt3553930,tvEpisode,Episode #1.23,Episode #1.23,2000,,,Comedy
tt38183350,short,The Fortune,The Fortune,2026,,17,Short
tt3012618,tvEpisode,United States of ALEC: A Follow-Up,United States of ALEC: A Follow-Up,2013,,57,"News,Talk-Show"
tt14706226,tvEpisode,Episode #7.12,Episode #7.12,2021,,,"Music,Reality-TV"
tt11688434,tvEpisode,Episode #1.496,Episode #1.496,,,,Documentary
tt15040858,tvEpisode,RevEx Social Distancing Small Table Show 96: The First Annual Professor Rex New Year's Eve Mini-Concert!,RevEx Social Distancing Small Table Show 96: The First Annual Professor Rex New Year's Eve Mini-Concert!,2021,,,Music
tt0816283,tvEpisode,IJskoningin,IJskoningin,2006,,50,"Crime,Drama"
tt6839700,tvEpisode,"Nico gelingt die Flucht, und Inka droht eine Anzeige","Nico gelingt die Flucht, und Inka droht eine Anzeige",2001,,,"Drama,Family,Romance"
tt15181736,tvEpisode,Guy Martin's Passion for Life,Guy Martin's Passion for Life,2014,,,Documentary
tt3428756,tvEpisode,Florencia podría estar viva,Florencia podría estar viva,2014,,44,"Drama,Romance"
tt10658238,tvEpisode,Episode #1.535,Episode #1.535,2016,,,Drama
tt0108160,movie,Sleepless in Seattle,Sleepless in Seattle,1993,,105,"Comedy,Drama,Romance"
tt1097946,tvEpisode,Episode dated 13 November 1972,Episode dated 13 November 1972,1972,,22,"Comedy,Family,Game-Show"
tt11395528,short,Banana Wave: Taking A Stand,Banana Wave: Taking A Stand,2019,,,"Comedy,Short"
tt0108044,movie,Sauve-toi,Sauve-toi,1993,,52,Drama
tt1971145,tvEpisode,"D'haques, porcs i més bèsties","D'haques, porcs i més bèsties",2011,,,Comedy
tt26746268,tvEpisode,Episode #1.56,Episode #1.56,,,,Comedy
tt1789771,short,Golf a la Carté,Golf a la Carté,2004,,29,"Action,Comedy,Short"
tt21412890,movie,Slaindeer: Buck to the Future,Slaindeer: Buck to the Future,2020,,,Comedy
tt10962124,tvEpisode,Episode #1.885,Episode #1.885,,,,Drama
tt0594853,tvEpisode,Head of State,Head of State,2003,,,"Documentary,Short"
tt14189302,movie,Murder,Murder,2018,,,Crime
tt4734150,tvEpisode,Episode #1.1,Episode #1.1,,,,"Comedy,Drama"
tt32169818,tvEpisode,Episode #1.174,Episode #1.174,2024,,,"Drama,Family"
tt35822508,tvEpisode,Episode #1.12,Episode #1.12,2024,,,Drama
tt1241300,tvEpisode,Lady's Man,Lady's Man,2009,,60,"Crime,Drama,Mystery"
tt13908486,tvEpisode,Episode #1.320,Episode #1.320,2009,,23,"Drama,Romance"
tt2543638,tvEpisode,Episode dated 11 October 2011,Episode dated 11 October 2011,2011,,,"Comedy,Talk-Show"
tt0468104,video,Salvaged Commercialism,Salvaged Commercialism,2005,,,Short
tt22891930,tvEpisode,Episode #1.893,Episode #1.893,,,,Talk-Show
tt10284786,tvEpisode,Hart oder zart - wie viel Drill braucht der Hund?,Hart oder zart - wie viel Drill braucht der Hund?,2008,,80,Biography
tt5172238,tvEpisode,The Underground Press,The Underground Press,2014,,,"Action,History,Thriller"
tt32743262,short,Bonnes vacances,Bonnes vacances,2007,,,"Comedy,Short"
tt21348346,tvEpisode,Angeln rund um Fehmarn,Angeln rund um Fehmarn,2012,,,
tt15835406,tvEpisode,Episode #1.1448,Episode #1.1448,,,180,News
tt2515924,tvEpisode,The Whisman's Kitchen,The Whisman's Kitchen,2010,,,Reality-TV
tt2026358,tvEpisode,The Social Network,The Social Network,2010,,,Talk-Show
tt36104871,movie,Ren sheng kai men hong,The Open Door,2025,,114,"Comedy,Drama"
tt1282241,tvEpisode,Koutei to yuusha,Koutei to yuusha,2007,,23,"Action,Adventure,Animation"
tt1759761,tvSeries,Veep,Veep,2012,2019,30,Comedy
tt10042296,tvEpisode,Episode #1.2,Episode #1.2,2019,,65,"Crime,Drama,Mystery"
tt22267040,tvEpisode,Episode #2.8,Episode #2.8,2022,,,Talk-Show
tt38771587,tvEpisode,Valentine's Day In Paris,Valentine's Day In Paris,2021,,,Music
tt8842600,tvEpisode,Episode #1.21,Episode #1.21,1983,,50,"Drama,Romance"
tt10797670,tvEpisode,Episode #1.1959,Episode #1.1959,2015,,,Drama
tt10861700,tvEpisode,Episode #1.1526,Episode #1.1526,2007,,22,Drama
tt36370858,tvEpisode,Den siste skyggen,Den siste skyggen,2025,,,Reality-TV
tt1799683,tvEpisode,The Social Network,The Social Network,2010,,3,"Comedy,Short"
tt31187420,tvEpisode,Sudden Child Deaths: The Search for Answers,Sudden Child Deaths: The Search for Answers,2024,,29,"Documentary,News"
tt15537392,tvEpisode,Episode #1.552,Episode #1.552,,,,"Comedy,Drama"
tt2284859,tvEpisode,The Social Network,The Social Network,2010,,,Talk-Show
tt38649688,tvEpisode,2011/12: Sunderland vs. Tottenham Hotspur,2011/12: Sunderland vs. Tottenham Hotspur,2012,,,Sport
tt0795343,video,Brick by Brick: The Building of Gillan's Inn,Brick by Brick: The Building of Gillan's Inn,2006,,,"Documentary,Short"
tt0324625,movie,Yo no sé qué me han hecho tus ojos,Yo no sé qué me han hecho tus ojos,2003,,65,"Documentary,Music"
tt8283790,tvEpisode,Episode #1.115,Episode #1.115,1988,,,"Drama,Romance"
tt5088278,tvEpisode,Episode #1.17,Episode #1.17,,,,
tt6954020,tvEpisode,Vainode,Vainode,2014,,,Reality-TV
tt11186134,tvEpisode,Episode #1.30,Episode #1.30,2019,,,Romance
tt14204638,tvEpisode,Episode #1.414,Episode #1.414,,,,Drama
tt11227910,tvEpisode,Episode #2.10,Episode #2.10,2019,,,"Action,Drama"
tt9433400,tvEpisode,Episode #1.128,Episode #1.128,2014,,,Drama
tt32851726,tvEpisode,The beginning,The beginning,2022,,,Drama
tt1701759,tvEpisode,The House on Murder Mountain,The House on Murder Mountain,2010,,,"Documentary,News"
tt29543564,tvEpisode,Episode #1.1,Episode #1.1,2022,,,History
tt8102942,tvEpisode,"Mardi, famille Proulx-Bérubé, semaine 4","Mardi, famille Proulx-Bérubé, semaine 4",2014,,22,Drama
tt34870708,tvEpisode,Episode #1.46,Episode #1.46,2012,,,"Drama,Romance"
tt0759996,tvEpisode,We're Still Having a Heat Wave,We're Still Having a Heat Wave,1973,,26,"Comedy,Drama"
tt30220253,tvEpisode,Épisode #6.4,Épisode #6.4,2023,,,Comedy
tt18115026,movie,Love Duty,Love Duty,2020,,90,Drama
tt2519944,tvEpisode,"Eat, Drink and Be Merry","Eat, Drink and Be Merry",2012,,,"News,Talk-Show"
tt21394588,tvEpisode,Episode #2.50,Episode #2.50,2000,,,
tt8222396,tvEpisode,Funniest Person in the World 2016: Semi-Finalists Announcement,Funniest Person in the World 2016: Semi-Finalists Announcement,2016,,,Comedy
tt11463772,tvEpisode,Episode #1.257,Episode #1.257,,,,Drama
tt14568928,short,Le coeur des hommes se mange cru,Le coeur des hommes se mange cru,2021,,,Short
tt5215922,tvEpisode,Dangers to America,Dangers to America,2015,,,Talk-Show
tt9330864,tvSeries,Europa - Richtung 2000 - Anatomie eines Kontinents in 6 Kapiteln,Europa - Richtung 2000 - Anatomie eines Kontinents in 6 Kapiteln,1962,1962,50,Documentary
tt0944545,tvEpisode,Episode #1.110,Episode #1.110,2005,,,"Crime,Drama,Mystery"
tt37786195,tvEpisode,Stephen Heintz & Kim Stanley Robinson | A Logic For The Future | Long Now Talks,Stephen Heintz & Kim Stanley Robinson | A Logic For The Future | Long Now Talks,2025,,64,
tt29333534,tvEpisode,Markus Lanz kennt das Grundgesetz nicht?! Hans-Georg Maaßen vs Markus Lanz,Markus Lanz kennt das Grundgesetz nicht?! Hans-Georg Maaßen vs Markus Lanz,2019,,,"News,Short"
tt1838077,tvEpisode,Episode #2.46,Episode #2.46,2011,,26,Game-Show
tt28079007,tvEpisode,Episode #1.13,Episode #1.13,2023,,,Drama
tt0718413,tvEpisode,Del 22,Del 22,1998,,39,"Crime,Drama"
tt36592242,tvEpisode,Programa 348,Programa 348,2021,,45,Game-Show
tt2875232,tvEpisode,Episode #1.59,Episode #1.59,,,,Romance
tt8967918,tvEpisode,United by Flavors,United by Flavors,2016,,,"News,Talk-Show"
tt0234161,movie,Maa Vina Soona Sansar,Maa Vina Soona Sansar,1982,,,
tt36455615,tvEpisode,Game of Thrones S1 E6,Game of Thrones S1 E6,2018,,,Comedy
tt6189098,tvEpisode,Karla Alba,Karla Alba,2016,,,Drama
tt21858320,tvEpisode,Manchester United 1-0 CSKA Moscow: Wayne Rooney goal wins it!,Manchester United 1-0 CSKA Moscow: Wayne Rooney goal wins it!,2015,,,"Sport,Talk-Show"
tt9644814,tvEpisode,Episode dated 16 September 2011,Episode dated 16 September 2011,2011,,45,Talk-Show
tt13517342,tvSpecial,Portugal vs Argentina,Portugal vs Argentina,2014,,,Reality-TV
tt0476255,movie,Herbstmanöver,Herbstmanöver,1926,,,
tt2773894,tvEpisode,Live Fire,Live Fire,2013,,,Action
tt8507426,tvEpisode,Book Club,Book Club,2018,,,Documentary
tt26604927,tvEpisode,Episode #1.13,Episode #1.13,2022,,,Drama
tt37447192,movie,Kognitiv dissonans,Kognitiv dissonans,2015,,,Comedy
tt0373184,movie,Narekohme gi Monteki i Kapuleti,Narekohme gi Monteki i Kapuleti,1985,,89,"Animation,Comedy"
tt1991568,tvEpisode,Be Determined,Be Determined,2011,,,Talk-Show
tt29267759,tvEpisode,Woman Gets Shamed in Maternity Class,Woman Gets Shamed in Maternity Class,,,,"Comedy,Drama,Short"
tt32105969,tvEpisode,How Does Spiderman Hide His Boner?,How Does Spiderman Hide His Boner?,2014,,,Comedy
tt2782962,short,Imaginarium,Imaginarium,2013,,15,"Drama,Short"
tt2019919,tvEpisode,Episode #5.37,Episode #5.37,2010,,,Game-Show
tt1891951,short,The Magnificent Molly McBride,The Magnificent Molly McBride,2009,,25,"Comedy,Short"
tt37808620,tvEpisode,Episode #15.75,Episode #15.75,2021,,,"Comedy,News"
tt11143608,tvEpisode,Episode #1.5,Episode #1.5,1990,,,"Drama,Family"
tt32131270,tvEpisode,Episode #1.638,Episode #1.638,2024,,,Drama
tt14496572,video,Plenty Things,Plenty Things,2019,,,"Music,Short"
tt14617866,tvEpisode,Episode #1.4,Episode #1.4,2011,,,"Short,War"
tt38792456,tvEpisode,Unterwegs auf Gran Canaria,Unterwegs auf Gran Canaria,2025,,,Documentary
tt10357240,tvEpisode,Narad criticises Lohitang,Narad criticises Lohitang,2014,,,"Action,Drama,Fantasy"
tt6223712,tvEpisode,Episode #1.52,Episode #1.52,2016,,,"Comedy,Drama,Romance"
tt38938472,tvEpisode,Herz 86: No Movie Tonight: Belgorod,Herz 86: No Movie Tonight: Belgorod,2025,,,"Action,Biography,Comedy"
tt1034456,tvMovie,Nature of the Beast,Nature of the Beast,2007,,89,"Comedy,Horror,Romance"
tt20230730,tvEpisode,Episode #31.7451,Episode #31.7451,2022,,22,Drama
tt13606708,movie,Sivagiri,Sivagiri,2009,,,Drama
tt15061452,movie,Green,Green,,,,"Action,Crime,Drama"
tt0740914,tvEpisode,A Gallows for Sam Horn,A Gallows for Sam Horn,1964,,75,Western
tt7982014,tvEpisode,Episode #1.105,Episode #1.105,1971,,,Family
tt4182498,tvEpisode,Episode #1.27,Episode #1.27,1993,,38,Reality-TV
tt4581964,tvEpisode,Episode #1.19,Episode #1.19,2004,,,Drama
tt20243558,short,"There Was a Dove, But...","There Was a Dove, But...",2022,,9,Short
tt4863136,tvEpisode,Aflevering 1,Aflevering 1,2013,,,"Family,Game-Show"
tt14456902,video,Spotlight on Better Things,Spotlight on Better Things,2018,,70,Comedy
tt3380050,tvEpisode,Payback Time,Payback Time,2002,,30,Drama
tt7506658,tvEpisode,Episode dated 4 September 1996,Episode dated 4 September 1996,1996,,,Comedy
tt0598692,tvEpisode,Static X Episode,Static X Episode,2003,,,Music
tt1472229,tvEpisode,Episode #1.17,Episode #1.17,2009,,,Documentary
tt18313592,tvEpisode,Episode #1.17,Episode #1.17,2016,,,Comedy
tt14074902,tvEpisode,Bag Talk Session With Kellen,Bag Talk Session With Kellen,2019,,,Talk-Show
tt29424364,tvEpisode,Episode #1.114,Episode #1.114,,,,Comedy
tt23552728,tvEpisode,Episode #1.32,Episode #1.32,2018,,,"Drama,Romance"
tt30485575,tvEpisode,Episode #1.671,Episode #1.671,2023,,,"Drama,Romance"
tt12331036,tvEpisode,Episode dated 22 May 2020,Episode dated 22 May 2020,2020,,180,"Comedy,Talk-Show"
tt28530797,tvEpisode,Episode #1.3,Episode #1.3,1987,,,"Drama,Romance"
tt37961376,tvEpisode,Episode #11.323,Episode #11.323,2020,,30,"News,Sport,Talk-Show"
tt10041874,tvEpisode,Episode #7.19,Episode #7.19,2017,,,Drama
tt0182893,movie,Chikai no gassho,Chikai no gassho,1943,,85,
tt15441384,video,Visa,Visa,2021,,7,"Musical,Short"
tt13044582,short,Nuevo Rico,Nuevo Rico,2021,,16,"Animation,Short"
tt1266677,video,Marcus Garvey: A Giant of Black Politics,Marcus Garvey: A Giant of Black Politics,2008,,60,Documentary
tt13856716,tvEpisode,Episode #1.326,Episode #1.326,,,,Talk-Show
tt1864520,tvSeries,Eurovision Song Contest Düsseldorf 2011,Eurovision Song Contest Düsseldorf 2011,2011,2011,,Music
tt2940504,tvEpisode,Doris arma un escándalo,Doris arma un escándalo,2013,,42,"Drama,Romance"
tt15813430,tvEpisode,23. juli 2016 - Nyheter,23. juli 2016 - Nyheter,2016,,,News
tt32568850,tvEpisode,Episode dated 27 May 2024,Episode dated 27 May 2024,2024,,50,"News,Talk-Show"
tt14723702,tvEpisode,The PTU and You,The PTU and You,2019,,,Documentary
tt4088338,tvEpisode,Episode #1.5,Episode #1.5,1982,,105,Family
tt14850306,tvEpisode,Gretas Intrige geht auf,Gretas Intrige geht auf,2021,,25,"Drama,Romance"
tt28566075,tvEpisode,Melbourne and Regional Victoria,Melbourne and Regional Victoria,2023,,43,Documentary
tt1252438,tvMiniSeries,Hopkins,Hopkins,2008,2008,,Documentary
tt5785672,tvEpisode,Tengen Ms. Pac-Man (NES),Tengen Ms. Pac-Man (NES),2016,,,"Comedy,Talk-Show"
tt23762900,tvSeries,UR Samtiden,UR Samtiden,1996,,,"Documentary,History"
tt2272428,tvEpisode,Message in the Wind/Elephants Don't Jump,Message in the Wind/Elephants Don't Jump,2012,,22,"Animation,Family"
tt37815611,tvEpisode,Arabic traditional Khabsa Madgoot and Jarish in Riyadh Saudi Arabial Saudi Food,Arabic traditional Khabsa Madgoot and Jarish in Riyadh Saudi Arabial Saudi Food,2023,,,Adventure
tt15428554,tvEpisode,Episode #1.5,Episode #1.5,1981,,,Mystery
tt2990246,tvEpisode,Episode dated 23 May 2013,Episode dated 23 May 2013,2013,,,Reality-TV
tt36954175,video,Feeding Tiki. That Mouse is Terrified!,Feeding Tiki. That Mouse is Terrified!,2025,,2,"Documentary,Short"
tt3393164,movie,The Mentor,The Mentor,2014,,89,"Crime,Drama,Mystery"
tt27828232,tvEpisode,Episode #1.143,Episode #1.143,2022,,,Drama
tt4059886,tvEpisode,Jake and Sophia,Jake and Sophia,2014,,22,"Comedy,Crime"
tt3859560,tvSeries,Visita Guiada,Visita Guiada,2014,,25,History
tt26678478,tvEpisode,Episode #1.2746,Episode #1.2746,1962,,120,"News,Talk-Show"
tt0064683,movie,Mondo Trasho,Mondo Trasho,1969,,95,Comedy
tt5187576,tvEpisode,Episode dated 11 September 2002,Episode dated 11 September 2002,2002,,,"Documentary,Family"
tt28021457,tvEpisode,Episode #1.192,Episode #1.192,2023,,,"Drama,Romance"
tt29781404,tvEpisode,Episode #30.56,Episode #30.56,2023,,20,News
tt15662484,tvEpisode,History - Part Five,History - Part Five,2022,,59,"Crime,Drama,Mystery"
tt11925580,tvEpisode,Episode #1.512,Episode #1.512,,,,Comedy
tt1123517,tvEpisode,The Diet,The Diet,1963,,,"Action,Adventure,Animation"
tt36890102,tvEpisode,Episode dated 9 May 2025,Episode dated 9 May 2025,2025,,140,Talk-Show
tt37467921,tvEpisode,Episode #5.121,Episode #5.121,2025,,60,"Comedy,Talk-Show"
tt19865762,tvEpisode,Osteria Mozza,Osteria Mozza,2022,,30,Reality-TV
tt8175474,tvEpisode,Episode #1.1894,Episode #1.1894,,,,
tt0296701,short,Just Too Precious,Just Too Precious,1966,,15,Short
tt28100699,tvEpisode,Episode #2.122,Episode #2.122,2023,,,Talk-Show
tt0578770,tvEpisode,My Mommy Got Lost,My Mommy Got Lost,1967,,30,"Crime,Drama"
tt27939010,tvEpisode,Episode #1.26,Episode #1.26,,,,
tt1646227,short,Step Right Up,Step Right Up,2009,,28,"Documentary,Short"
tt14535920,tvEpisode,La tía cabalganta,La tía cabalganta,2020,,,"History,Mystery,Sci-Fi"
tt2127634,tvEpisode,On a Mission - Madagascar,On a Mission - Madagascar,2010,,,Documentary
tt0461183,short,Le courrier de Lyon,The Courier of Lyons,1911,,30,"Drama,Short"
tt10886516,tvEpisode,Supernatural Interventions,Supernatural Interventions,2020,,27,"Documentary,Horror,Mystery"
tt0725684,tvEpisode,Episode dated 12 November 2001,Episode dated 12 November 2001,2001,,,"News,Talk-Show"
tt1851265,tvEpisode,Episode dated 28 August 1995,Episode dated 28 August 1995,1995,,,Game-Show
tt13040936,tvSeries,Atomic Popcorn,Atomic Popcorn,2021,,,Comedy
tt1591582,tvEpisode,Lamborghini Murcielago SV,Lamborghini Murcielago SV,2009,,45,Documentary
tt28768889,tvEpisode,Episode #16.176,Episode #16.176,2018,,60,Game-Show
tt33754364,tvEpisode,The Social Network,The Social Network,2010,,,"Short,Talk-Show"
tt27529503,tvEpisode,Immortality and the Three Brothers,Immortality and the Three Brothers,2023,,,"Action,Adventure,Animation"
tt0936597,tvEpisode,The Raffle,The Raffle,1960,,,Comedy
tt15670980,tvEpisode,Divided We Fall,Divided We Fall,2021,,,"Action,Crime,Drama"
tt8602352,tvEpisode,Episode #6.132,Episode #6.132,2018,,60,"News,Talk-Show"
tt19387834,tvEpisode,Straycation Part 1,Straycation Part 1,2022,,24,"Adventure,Animation,Comedy"
tt13133384,tvEpisode,Die CDU vor dem Bundesparteitag - Aufstand vertagt?,Die CDU vor dem Bundesparteitag - Aufstand vertagt?,2019,,,News
tt18974182,tvEpisode,Here at the Starlite,Here at the Starlite,2021,,,Drama
tt16088684,tvSpecial,Sophie Ellis-Bextor's Kitchen Disco Danceathon,Sophie Ellis-Bextor's Kitchen Disco Danceathon,2021,,,Music
tt31917712,tvEpisode,Episode #1.155,Episode #1.155,2016,,,Comedy
tt2388195,tvEpisode,Episode dated 19 February 2008,Episode dated 19 February 2008,2008,,,News
tt32581001,tvEpisode,Ayo Edebiri/Andrew McCarthy,Ayo Edebiri/Andrew McCarthy,2024,,60,Talk-Show
tt0058978,movie,The Bloodless Vampire,The Bloodless Vampire,1965,,,
tt29416344,tvSeries,Animatón,Animatón,2017,2018,,Talk-Show
tt37091704,tvEpisode,Episode dated 23 April 1964,Episode dated 23 April 1964,1964,,,News
tt32731495,video,Ohsama Sentai King-Ohger in Space,Ohsama Sentai King-Ohger in Space,2024,,18,"Action,Adventure,Sci-Fi"
tt35048518,tvEpisode,Drôle de portrait,Drôle de portrait,2024,,,"Comedy,Family"
tt0901783,tvEpisode,Episode dated 11 February 2004,Episode dated 11 February 2004,2004,,,"Comedy,Drama,Family"
tt18078590,tvEpisode,Forgiveness Brings the Fixing,Forgiveness Brings the Fixing,2021,,,"Animation,Comedy,Family"
tt10809262,tvEpisode,Episode dated 15 December 2017,Episode dated 15 December 2017,2017,,30,"News,Reality-TV,Talk-Show"
tt6046412,tvEpisode,Penn and Teller Get Trapped,Penn and Teller Get Trapped,2016,,,"Comedy,Game-Show,Mystery"
tt38867092,tvEpisode,Episode 34,Episode 34,2025,,,Drama
tt0307629,short,Les vendanges,Les vendanges,1922,,33,"Documentary,Short"
tt35048169,tvEpisode,Episode #1.8,Episode #1.8,2024,,,Reality-TV
tt12077882,short,Anybody: Seven Seas,Anybody: Seven Seas,2016,,2,"Music,Mystery,Short"
tt12185320,tvEpisode,Episode #9.41,Episode #9.41,,,,Drama
tt13713874,tvEpisode,Episode #7.208,Episode #7.208,,,57,"News,Talk-Show"
tt0607031,tvEpisode,Episode dated 1 March 1999,Episode dated 1 March 1999,1999,,60,"Comedy,Talk-Show"
tt3491860,tvEpisode,Episode dated 7 April 2005,Episode dated 7 April 2005,2005,,,Talk-Show
tt9765398,movie,Welcome to Japan: Hinomaru ranchi bokkusu,Welcome to Japan,2019,,86,Action
tt29255988,tvEpisode,Episode #2.35,Episode #2.35,2022,,,"Drama,History,War"
tt0359307,tvEpisode,Gambler,Gambler,1988,,,"Adventure,Comedy,Drama"
tt34376335,tvEpisode,Mindhunter: The Science of Psychological Profiling,Mindhunter: The Science of Psychological Profiling,,,,Documentary
tt34381868,tvEpisode,Episode dated 4 November 2024,Episode dated 4 November 2024,2024,,180,Talk-Show
tt9908914,tvEpisode,Arzu,Arzu,1972,,,Comedy
tt4399754,tvEpisode,Episode #2.12,Episode #2.12,2009,,,"Crime,Horror,Mystery"
tt1687967,tvEpisode,Episode #1.13,Episode #1.13,2010,,75,Drama
tt8440578,tvEpisode,Episode #1.76,Episode #1.76,1978,,,
tt35017126,tvMovie,30 Days of Love,30 Days of Love,1973,,157,Comedy
tt38487150,tvEpisode,Holiday Games w/ Viewers! | Roblox Live,Holiday Games w/ Viewers! | Roblox Live,2025,,,"Adventure,Comedy,Family"
tt25149020,tvEpisode,Falling at the First Hurdle,Falling at the First Hurdle,2023,,89,"Adventure,Game-Show,Reality-TV"
tt9460420,tvEpisode,Blutiger Feldzug - Wie gefährlich sind die islamistischen Gotteskrieger?,Blutiger Feldzug - Wie gefährlich sind die islamistischen Gotteskrieger?,2014,,60,"News,Talk-Show"
tt18452772,tvEpisode,Episode #1.815,Episode #1.815,,,,Musical
tt35049128,movie,My Boyfriend Is a Sex Worker 2,My Boyfriend Is a Sex Worker 2,2024,,50,Drama
tt15214218,tvEpisode,Episode #1.1763,Episode #1.1763,,,,Talk-Show
tt6040860,short,Aloha Vegas,Aloha Vegas,2016,,12,"Comedy,Drama,Family"
tt37265056,tvEpisode,Princess Beatrice,Princess Beatrice,2025,,,Documentary
tt3902254,tvEpisode,Episode #1.6937,Episode #1.6937,2014,,30,"Drama,Romance"
tt29428969,tvEpisode,Henry Winkler,Henry Winkler,2023,,,News
tt4559436,tvEpisode,Episode #10.150,Episode #10.150,2015,,,Family
tt0639484,tvEpisode,Episode #1.5,Episode #1.5,2005,,,"Comedy,Drama,Romance"
tt3487180,tvMiniSeries,Polisskolan,Polisskolan,1991,,,"Documentary,Reality-TV"
tt38641836,tvEpisode,Episode #1.12,Episode #1.12,2025,,,Drama
tt1271325,tvEpisode,Episode #1.4296,Episode #1.4296,1997,,22,"Crime,Drama,Romance"
tt10398688,movie,Chijin no seigi,Chijin no seigi,1988,,60,
tt9072816,movie,Bloom,Bloom,2019,,,"Comedy,Romance"
tt14190240,tvEpisode,Deep Space Turtle Chase goes BOOM,Deep Space Turtle Chase goes BOOM,2011,,,"Action,Adventure,Comedy"
tt8241358,tvEpisode,"VOBS EP 61, January 16, 2017 - Voice Over Cafe","VOBS EP 61, January 16, 2017 - Voice Over Cafe",2017,,,Talk-Show
tt23744760,short,Home of the Brave,Home of the Brave,2022,,20,"Drama,Short"
tt9444394,tvEpisode,Episode #1.679,Episode #1.679,2016,,,Drama
tt30522758,tvEpisode,Episode #1.716,Episode #1.716,2023,,,"Adventure,Drama"
tt32294030,tvEpisode,Episode #1.7168,Episode #1.7168,1984,,60,"Drama,Romance"
tt12707168,tvMovie,For the Win,For the Win,,,,Comedy
tt0387370,movie,Magkaagaw,Magkaagaw,1997,,,Drama
tt0831516,tvEpisode,A Hard Act to Follow,A Hard Act to Follow,1994,,,Drama
tt14462554,tvEpisode,Episode #1.1142,Episode #1.1142,,,,"Comedy,Game-Show"
tt12886488,tvEpisode,"3rd Party Fact-Checkers. Are they really checking facts, or trying to swing an election? S:1 E:2","3rd Party Fact-Checkers. Are they really checking facts, or trying to swing an election? S:1 E:2",2020,,,News
tt9631262,tvEpisode,Episode dated 6 September 2012,Episode dated 6 September 2012,2012,,,Talk-Show
tt9478496,tvEpisode,Episode #1.150,Episode #1.150,2006,,,Drama
tt2108773,tvEpisode,Episode #7.1,Episode #7.1,2011,,,Comedy
tt16255096,tvEpisode,Episode #1.2721,Episode #1.2721,,,180,News
tt38853647,tvEpisode,Episode #1.17,Episode #1.17,1973,,,History
tt2202721,tvEpisode,Steven Yeun,Steven Yeun,2012,,60,"News,Talk-Show"
tt10264322,tvEpisode,Hamburg,Hamburg,2019,,23,"Adventure,Comedy,Documentary"
tt1497371,tvEpisode,Episode #2.72,Episode #2.72,1993,,60,"Comedy,Music,Talk-Show"
tt34830438,tvEpisode,Episode #1.34,Episode #1.34,2024,,45,"Comedy,Drama"
tt14530764,tvEpisode,Episode #1.15,Episode #1.15,2016,,,Drama
tt10283916,short,État des lieux,État des lieux,2021,,,Short
tt13027524,tvEpisode,"Praha - Prague, Czech Republic","Praha - Prague, Czech Republic",2008,,,Documentary
tt1919628,tvEpisode,Financial Infidelity,Financial Infidelity,2011,,,"Drama,Talk-Show"
tt27237943,tvEpisode,Episode #1.77,Episode #1.77,,,,Comedy
tt3022406,tvEpisode,The Social Network,The Social Network,2010,,,Documentary
tt5139368,short,Imperceptible,Imperceptible,2019,,8,"Drama,Short"
tt35602263,short,Ciro,Ciro,2022,,,"Drama,Short"
tt2706796,tvEpisode,"Kenta Nishimura, Hikaru Ijûin & Sujitarô Tamabukuro","Kenta Nishimura, Hikaru Ijûin & Sujitarô Tamabukuro",2013,,30,Talk-Show
tt27637015,tvEpisode,The Adventures of Horse Wrangling Horse Boys,The Adventures of Horse Wrangling Horse Boys,2020,,,
tt25291500,tvEpisode,Episode dated 20 December 2022,Episode dated 20 December 2022,2022,,,News
tt1012317,tvEpisode,Episode #1.2,Episode #1.2,1993,,,
tt1465989,tvEpisode,Majstor nad majstorite,Majstor nad majstorite,1997,,,
tt28505017,tvEpisode,The Flaw,The Flaw,2024,,,Drama
tt31823961,tvEpisode,Black people REJECT American Society of Magical Negroes! Racist Harry Potter movie FAILS big time!,Black people REJECT American Society of Magical Negroes! Racist Harry Potter movie FAILS big time!,2024,,,"Comedy,News,Talk-Show"
tt31122827,tvEpisode,Across The Block,Across The Block,2022,,,Reality-TV
tt15959864,tvEpisode,18. oktober 2013,18. oktober 2013,2013,,,News
tt27130001,tvEpisode,Episode #2.162,Episode #2.162,,,,Reality-TV
tt13899504,tvEpisode,Gillian Anderson/Kate Flannery/Bartees Strange,Gillian Anderson/Kate Flannery/Bartees Strange,2021,,41,"Comedy,Talk-Show"
tt2295021,tvEpisode,Agony Uncles: Breaking Up,Agony Uncles: Breaking Up,2012,,26,"Comedy,Documentary"
tt2270746,tvEpisode,Episode #12.11,Episode #12.11,2005,,,"Family,Game-Show"
tt16417308,tvEpisode,Episode #1.52,Episode #1.52,2020,,21,
tt32422323,tvEpisode,Episode #16.1,Episode #16.1,2017,,,"Comedy,Romance"
tt31033364,tvEpisode,The Trouble With Malaria,The Trouble With Malaria,1994,,,Documentary
tt35616156,tvEpisode,Episode #1.792,Episode #1.792,2024,,,Drama
tt5868184,tvEpisode,Kirsten Gillibrand,Kirsten Gillibrand,2016,,26,"Comedy,News,Talk-Show"
tt0946150,tvEpisode,Episode #1.2657,Episode #1.2657,2004,,28,"Crime,Drama,Romance"
tt15115234,tvEpisode,Épisode 2,Épisode 2,2021,,,"Crime,Drama,Thriller"
tt38885398,tvEpisode,Episode #1.298,Episode #1.298,2018,,,"Drama,Romance"
tt30476499,tvEpisode,Avsnitt 4,Avsnitt 4,2010,,,Reality-TV
tt38808386,tvEpisode,Episode #1.52,Episode #1.52,1975,,,History
tt13744040,tvEpisode,Episode dated 24 November 2020,Episode dated 24 November 2020,2020,,,News
tt21245102,tvEpisode,Episode #2.76,Episode #2.76,2022,,,Drama
tt12344338,tvShort,Bak berget det blå...,Bak berget det blå...,2019,,9,"Documentary,Short"
tt26657140,tvEpisode,Episode #6.23,Episode #6.23,,,,"Family,Music"
tt10371030,tvSeries,Game Changers,Game Changers,,,,Comedy
tt6865136,tvEpisode,Bao lü,Bao lü,1980,,,Animation
tt6702790,tvEpisode,Rebecca hat Verständnis für Rufus,Rebecca hat Verständnis für Rufus,2010,,25,"Drama,Romance"
tt5465670,tvEpisode,Episode #3.6,Episode #3.6,2015,,,"Game-Show,Music"
tt8235744,tvEpisode,9-16-2015,9-16-2015,2015,,,News
tt1948473,tvEpisode,Episode dated 31 December 1982,Episode dated 31 December 1982,1982,,,"Comedy,Talk-Show"
tt22047146,tvEpisode,Nature One - Mehr als Musik,Nature One - Mehr als Musik,2022,,,"Documentary,Music"
tt5353836,tvEpisode,Episode dated 27 January 2016,Episode dated 27 January 2016,2016,,,"Comedy,News"
tt30193028,tvEpisode,Eomeo! Geureolsuga!,Eomeo! Geureolsuga!,1984,,,Drama
tt14915484,tvEpisode,Episode dated 22 June 2021,Episode dated 22 June 2021,2021,,210,"News,Talk-Show"
tt24635064,tvEpisode,Episode #1.238,Episode #1.238,,,,Comedy
tt6296074,tvEpisode,Sauvage,Sauvage,2006,,11,"Animation,Family"
tt35985944,tvEpisode,Episode #1.7,Episode #1.7,2025,,29,
tt30442255,tvSpecial,Sold in the South,Sold in the South,2023,,,Documentary
tt28822424,tvEpisode,Episode #1.98,Episode #1.98,2022,,,"Drama,Family,Romance"
tt3173548,video,House of Cards,House of Cards,2013,,6,"Romance,Short"
tt16378348,tvEpisode,Open Secrets,Open Secrets,2021,,43,Documentary
tt8150074,short,Love-40,Love-40,2018,,8,"Comedy,Short"
tt15175074,tvEpisode,Fifa,Fifa,2013,,,"Adventure,Animation,Comedy"
tt14603746,tvEpisode,Ver-kehr-te Welt,Ver-kehr-te Welt,2020,,15,"Comedy,Mystery"
tt0506203,tvEpisode,Return of the Chief,Return of the Chief,1956,,30,"Family,Western"
tt34000893,tvEpisode,Episode #1.174,Episode #1.174,2024,,,"Drama,Romance"
tt15206128,tvEpisode,Episode #1.1147,Episode #1.1147,,,,Horror
tt13758342,tvEpisode,Dean Edwards,Dean Edwards,2021,,21,Comedy
tt10789170,tvEpisode,Episode dated 29 April 1988,Episode dated 29 April 1988,1988,,,Comedy
tt12466612,movie,Burgundia (Carnet Filmé: 23 décembre 2007 au 28 décembre 2007) (5ème partie de la Décalogie de la Nuit),Burgundia (Carnet Filmé: 23 décembre 2007 au 28 décembre 2007) (5ème partie de la Décalogie de la Nuit),2008,,62,Documentary
tt1808557,short,The Invasion,The Invasion,2007,,5,Short
tt37676444,tvEpisode,Jonathan Bennett's Mai Tai Manor,Jonathan Bennett's Mai Tai Manor,2021,,,
tt1437674,tvEpisode,Lauren Shuler Donner,Lauren Shuler Donner,2009,,,Talk-Show
tt36043743,tvEpisode,Zeigarnik,Zeigarnik,2025,,,Comedy
tt15963326,tvEpisode,6. sep. 2012 kl. 20:55,6. sep. 2012 kl. 20:55,2012,,,News
tt11713516,tvEpisode,Hor Cujet: Les Moyens de Transport,Hor Cujet: Les Moyens de Transport,2015,,5,Comedy
tt11684428,tvEpisode,Episode dated 15 January 1999,Episode dated 15 January 1999,1999,,,News
tt21223676,tvEpisode,477. Bölüm,477. Bölüm,2020,,,"Drama,Romance"
tt6089254,tvEpisode,Episode #15.11,Episode #15.11,2016,,31,"Comedy,Game-Show"
tt24265066,tvEpisode,Episode dated 12 December 2022,Episode dated 12 December 2022,2022,,,"News,Talk-Show"
tt32881380,tvEpisode,Merkat and Giant Millipede,Merkat and Giant Millipede,2023,,,"Documentary,Family"
tt35479679,tvEpisode,Reunion,Reunion,2024,,,"Action,Adventure,Animation"
tt1636273,tvEpisode,Episode dated 24 March 2010,Episode dated 24 March 2010,2010,,,"Sport,Talk-Show"
tt0096446,movie,Willow,Willow,1988,,126,"Action,Adventure,Drama"
tt1079285,tvEpisode,Episode dated 28 April 1975,Episode dated 28 April 1975,1975,,,"News,Talk-Show"
tt28994005,tvEpisode,Episode #1.6,Episode #1.6,2023,,,Comedy
tt5956968,short,CHOSA (Assignment),CHOSA (Assignment),2016,,6,"Crime,Horror,Short"
tt1122094,tvEpisode,Fox in Space,Fox in Space,2005,,,"Comedy,Family"
tt8944832,tvEpisode,Rett fra leveren. Anne-Brit Sketne,Rett fra leveren. Anne-Brit Sketne,1986,,4,"Documentary,Short"
tt10082014,tvEpisode,Episode #1.675,Episode #1.675,2004,,,Thriller
tt0037917,movie,Miss Susie Slagle's,Miss Susie Slagle's,1946,,88,Drama
tt27934081,tvEpisode,Party Boat,Party Boat,2023,,,"Adventure,Animation,Comedy"
tt11929140,tvEpisode,Washington Huskies vs. Arizona Wildcats,Washington Huskies vs. Arizona Wildcats,2011,,,Sport
tt15859098,tvEpisode,17. aug. 2017 - Dagsnytt 18,17. aug. 2017 - Dagsnytt 18,2017,,,News
tt27997789,tvEpisode,Episode #1.182,Episode #1.182,,,,Crime
tt13013776,tvEpisode,Mick and Linda,Mick and Linda,2020,,30,"Documentary,Talk-Show"
tt3348974,movie,Complete Taekwondo Sparring: Volume 1,Complete Taekwondo Sparring: Volume 1,2008,,74,
tt23386288,tvEpisode,Jasmine Saleh,Jasmine Saleh,2003,,,Reality-TV
tt17345576,tvEpisode,A Vinícola,A Vinícola,2015,,13,"Adventure,Comedy,Game-Show"
tt0427421,movie,Kamandag ng kris,Kamandag ng kris,1987,,,"Action,Drama,War"
tt12249024,short,Være oss sjæl,Være oss sjæl,2019,,,Short
tt7610512,tvEpisode,Les gâteaux au fromage,Les gâteaux au fromage,2017,,5,Documentary
tt12480910,tvEpisode,Episode #1.4471,Episode #1.4471,,,30,"Crime,Drama,Mystery"
tt10023186,tvEpisode,Chapter One,Chapter One,1994,,,"Drama,History"
tt28504881,tvEpisode,Episode #1.1933,Episode #1.1933,1970,,30,"Crime,Drama,Romance"
tt5131652,tvMovie,Jazan,Jazan,2013,,35,"Biography,Documentary,History"
tt5968798,tvEpisode,Wat kost een spaarlamp?,Wat kost een spaarlamp?,2013,,,Documentary
tt0507495,tvEpisode,Taxi 541,Taxi 541,1999,,44,"Action,Crime,Drama"
tt21243594,tvEpisode,"Grammes, Maria Pantazi VS DimitrisPantazis, Panais, Hashan","Grammes, Maria Pantazi VS DimitrisPantazis, Panais, Hashan",2011,,,Talk-Show
tt25804916,tvEpisode,Episode #1.1058,Episode #1.1058,,,,Reality-TV
tt15051518,tvEpisode,Episode #1.448,Episode #1.448,,,,Drama
tt31805948,short,Aunt Inez,Aunt Inez,,,,"Drama,Short"
tt5143942,short,What a Beautiful World This Will Be,What a Beautiful World This Will Be,2017,,17,"Comedy,Fantasy,Mystery"
tt1078516,tvEpisode,Episode #3.6,Episode #3.6,2004,,,Documentary
tt0964025,tvEpisode,Episode #3.15,Episode #3.15,2005,,,Comedy
tt0010754,movie,Synnöve Solbakken,Fairy of Solbakken,1919,,111,Drama
tt32023842,tvEpisode,Episode dated 19 February 2024,Episode dated 19 February 2024,2024,,,"Documentary,News"
tt1260425,tvEpisode,"'10,000 BC': The Making of an Epic World","'10,000 BC': The Making of an Epic World",2008,,,"Documentary,Short"
tt9059690,tvEpisode,Examinador,Examinador,2018,,,Comedy
tt5211472,tvEpisode,Driving Test,Driving Test,,,,"Animation,Comedy"
tt28277405,tvEpisode,Episode #1.4,Episode #1.4,1978,,,History
tt14777556,tvEpisode,Episode #1.56,Episode #1.56,,,,"Drama,Romance"
tt32809742,short,The Last Drink,The Last Drink,2024,,,Short
tt37937861,tvEpisode,Pharaoh`s Curse,Pharaoh`s Curse,1965,,,"Action,Drama,Horror"
tt29712162,tvEpisode,Episode #1.728,Episode #1.728,,,,"Family,Talk-Show"
tt14486636,tvEpisode,Plundsmas,Plundsmas,2020,,,"Action,Animation,Comedy"
tt10655808,short,Nightmare,Nightmare,2019,,40,"Drama,Short"
tt33502878,tvEpisode,Episode #1.1276,Episode #1.1276,1955,,15,Family
tt11344388,tvEpisode,22nd November 2019 Late News,22nd November 2019 Late News,2019,,27,News
tt1227662,tvEpisode,Episode #17.3966,Episode #17.3966,2008,,22,Drama
tt8352396,tvEpisode,"Terri Levine, Turbocharge","Terri Levine, Turbocharge",2017,,,Talk-Show
tt13180934,tvEpisode,Amber,Amber,2020,,,Reality-TV
tt33086289,tvEpisode,Alexandrie,Alexandrie,2019,,53,Documentary
tt1722981,tvEpisode,Episode #3.4,Episode #3.4,2010,,,"Action,Reality-TV,Sport"
tt2713728,tvEpisode,Episode dated 9 March 2013,Episode dated 9 March 2013,2013,,,News
tt14922892,videoGame,Don't Let it End,Don't Let it End,2013,,,Mystery
tt16737576,tvEpisode,Episode #1.1578,Episode #1.1578,,,,News
tt9121940,movie,Geschichte einer Liebe: Freya,Geschichte einer Liebe: Freya,2016,,87,Documentary
tt6220302,tvEpisode,Episode #3.7,Episode #3.7,1966,,30,Music
tt5668060,tvEpisode,Candy Flavor Fail,Candy Flavor Fail,2016,,,Comedy
